"","V1","V2","V3","V4","V5","V6","V7","V8","V9","V10","V11","V12","V13","V14","V15","V16","V17","V18","V19","V20","V21","V22","V23","V24","V25","V26","V27","V28","V29","V30","V31","V32","V33","V34","V35","V36","V37","V38","V39","V40","V41","V42","V43","V44","V45","V46","V47","V48","V49","V50","V51","V52","V53","V54","V55","V56","V57","V58","V59","V60","V61","V62","V63","V64","V65","V66","V67","V68","V69","V70","V71","V72","V73","V74","V75"
"1",0,66.6123906138452,106.900934397609,168.879595885995,201.998789047583,152.285400872123,112.820603454754,108.11828783633,136.900442612183,179.069916995201,190.450632485969,238.629260717667,272.640479865824,267.634908895809,335.531175285747,328.789200831871,347.913722197072,260.469407110611,247.121989710862,285.336384127911,317.278683539201,363.223267686694,424.989114943937,389.312918722341,474.99098706679,480.832639248736,551.663471128904,339.758997149271,392.480923408475,392.956296222928,418.492697305937,454.538784627137,465.494070647023,469.376771125477,507.074738471342,601.776605504464,523.276939138987,558.847371692468,583.126981627703,634.79012437472,561.731488900004,622.117999599576,625.563793633412,677.378645349,500.325157357088,569.496215900445,635.831334596316,614.017000431914,450.406180704384,491.580771376316,550.354612641597,539.448383623158,600.390816325603,608.11014631039,642.582952634476,659.383658015136,673.751552483056,707.83510902057,732.846730960612,698.727961982668,732.027518043109,785.733042177696,682.519905098489,760.384813399907,778.161150005139,733.774470578573,709.866170461806,744.766821620641,823.728809753761,298.375651644702,276.59236175897,62.7558800233317,196.396697007293,144.275236087434,575.784580770275
"2",66.6123906138452,0,70.9051653312084,120.97731114105,157.129755015715,92.7155831292484,46.2116466876115,53.5147195052325,73.2962569811291,113.876408025898,124.083336851979,172.118569429191,206.12325677406,201.962882980023,268.920294203747,262.879159717901,284.463349462967,201.946560328295,198.586623161681,244.003282341891,265.717140307214,320.461245132377,376.901425654658,334.21168400482,417.912755673117,427.376219871312,496.110175785034,280.199667840236,332.074082281728,328.483654003832,355.631683887867,392.964136917788,405.925458191798,404.72175020997,440.786328588188,535.165331709437,459.708054838436,494.320844369258,521.771036440049,574.754628906435,502.853745984824,568.08853214345,567.76658630493,621.44178986167,450.158493419296,520.906871680478,588.789810937967,563.636282478568,409.555634404866,451.93321167688,510.542134274392,494.802936977677,561.058572024126,563.881424845856,599.7860761849,621.954140004333,632.001870068208,669.446683467069,690.690093084703,651.266071823116,686.564365996519,741.264750768231,630.940317104501,712.231723419616,726.576088836076,681.884020020828,656.072785313329,689.990445122808,768.795110855645,234.088969538809,213.845828719022,39.6710545613704,136.084576561727,77.7459771091203,523.295623762261
"3",106.900934397609,70.9051653312084,0,63.0658149932561,95.099810393107,63.7074186312339,75.4948954480712,113.00726695955,111.946016365219,137.161633431577,122.311390971033,167.44099801191,199.229118295221,213.006972392878,262.938782806884,246.129836680115,254.5036322947,160.142916137298,140.447100316304,179.290225387389,211.02707699705,257.007506846128,318.088595203169,284.268599676194,370.873507176283,374.749041970384,446.361479972082,239.180258308215,292.417596970793,301.814153874797,322.518045353631,355.708482320213,363.770469695552,377.831264846948,424.18786928795,525.45365764169,428.003690305642,466.071955462591,483.187834693858,532.909378041587,458.842710797063,516.042079374445,521.560033032868,572.079782946156,393.49771400188,462.598035071045,529.048930012187,507.170664803726,344.96950518613,386.68352214314,445.470794095737,433.011851790448,495.768263476583,501.818649474733,536.709355211331,555.710996679249,568.244302335556,603.7379878073,627.238271661367,591.917093060076,625.525952731942,679.474029909243,575.791837998046,653.526465673225,671.405353270769,627.077652520079,603.635841663219,638.862117919644,717.831427028703,208.891882875668,183.349901471571,110.099809971461,102.474502131086,89.7332719169182,469.293977921474
"4",168.879595885995,120.97731114105,63.0658149932561,0,36.4658969401889,45.5677034719262,100.367132931209,145.237706241033,127.684465883907,133.166931915013,99.7457092207479,133.053757019218,159.550001578001,186.922260637925,220.023786077024,196.465567738062,196.963825729132,99.5454971371893,78.622228643611,123.456241789876,148.400769379678,199.488062180826,257.221081786425,221.212527038987,307.831494100056,312.018161231442,383.359193453467,177.499463316848,230.717997560769,245.022830526384,262.704959492576,294.329719929745,301.25783179931,320.047159297202,370.969661419561,475.136962751904,368.016752510068,407.157321915974,421.117077136369,470.217798064534,395.958529484725,453.319030091422,458.510988110171,509.087461604599,331.81556682819,401.658130995915,468.879834668368,445.52530655715,288.649697720576,331.136323623483,389.67323942091,374.107400720287,440.215360757657,443.14990291643,478.87536726453,501.378652403388,511.033179275392,548.669760778633,569.749033087062,531.570538713478,566.181535990292,620.659085039184,513.774146098721,592.886402580903,609.440264933554,564.99125658075,541.016817050242,576.059204024809,655.029182272776,155.404370051963,127.823752852003,159.904346949245,54.5572377752261,92.9583772061438,406.912035318829
"5",201.998789047583,157.129755015715,95.099810393107,36.4658969401889,0,78.4886625679583,136.13918845542,181.048566736433,161.346183492637,161.249529045705,122.556240114804,145.885981323082,166.740272245466,202.189812222253,222.103688362782,192.898368355063,183.518766938957,84.8434364027047,46.2225625764111,87.0151343289664,117.301968037631,163.453012091049,222.998605734317,192.280907458381,279.735884387714,280.745502329426,353.292033579349,156.381303680995,208.688474521359,231.658372042325,244.311564181834,272.477231124419,276.195302239362,304.305191599677,360.522586584969,467.007020079538,348.435258353155,389.116180542446,396.938882648405,443.929451239779,368.920815941843,421.890354170667,429.976841910503,478.816717961343,298.46612608902,367.515066319688,434.160659587558,412.111455022293,252.430114479167,294.821222619127,353.413025485212,338.686790770164,403.934328896332,407.653971670416,443.095292354801,464.980796878161,475.086865661743,512.348400483956,533.888555403949,496.978739541056,531.012384710388,585.259695975915,480.852481864981,558.512346728958,576.429259478064,532.166414352271,509.251610606502,544.834206568264,623.773812895048,149.116422683093,120.380283860474,196.237288596588,68.0261946453095,125.525616578605,374.658064047755
"6",152.285400872123,92.7155831292484,63.7074186312339,45.5677034719262,78.4886625679583,0,60.0706784272554,104.33840114248,82.881834738112,88.7254426725824,61.5512610534191,104.158706357105,135.550529248365,152.544350269216,199.232327880241,183.445970266601,196.388124366197,109.327224711129,111.475908656706,162.613628491222,174.725269407838,235.334109330917,287.086802215669,241.627383124022,325.231299939172,335.030600942548,403.407799556084,188.047606119913,240.436843773354,242.507100623193,266.438167543888,302.262052892452,313.881327548881,318.941536425225,362.124722700136,462.313368012375,371.515628223568,408.015966316049,430.897737020474,483.010394692102,410.583004877161,475.527858480835,475.228303194869,528.726666070446,358.931676077572,430.230127848254,498.731978138263,472.092352024359,324.762021507478,367.693111492962,425.670145386708,406.498188506207,476.232144470181,475.545656736966,512.252066739257,538.289687705509,545.059549644809,584.804065213577,603.280868074553,560.865197442474,597.145950973826,652.302022062241,538.91108378763,621.414180389999,634.480370820488,589.730034799972,563.518926274009,597.313527627547,676.10026562257,148.299999803059,124.80757108589,128.033830243305,44.1235128896235,47.4832658146292,431.100132848279
"7",112.820603454754,46.2116466876115,75.4948954480712,100.367132931209,136.13918845542,60.0706784272554,0,44.9109266127085,36.8160168310605,70.5451814257193,78.1723841302504,125.983383677085,159.973575617216,157.05905923586,222.710590674143,217.269607174647,241.162969859007,164.509987539647,171.529223458608,221.970060928336,233.874880608464,295.370991320737,346.571058730827,298.259023849165,379.701878728197,392.158200253282,458.842712798794,240.643853218066,291.380998248268,284.109543676612,312.641793230576,350.996903221714,365.643631944393,360.079500565381,394.783397444397,488.965927515173,415.914365080988,449.7063275601,479.705749857621,533.666445875376,462.849920043386,531.805627176851,528.48123154705,583.512315295651,417.515929062727,489.136673939806,557.928589615367,530.258494951141,384.811568348186,427.72463871908,485.735510312435,466.31158064006,536.299446026138,535.322536813386,572.161787480819,598.318511458085,605.036874150162,644.872185842963,663.188621098124,619.849450054691,656.564775073892,711.856371559439,596.39749447731,680.105715604201,691.792488995301,646.966654468803,619.741667745654,652.825184257087,731.374183749265,190.172092682386,171.690457841354,72.114461686571,98.5964882489815,31.6892163208022,488.400702327058
"8",108.11828783633,53.5147195052325,113.00726695955,145.237706241033,181.048566736433,104.33840114248,44.9109266127085,0,36.3430307371281,78.1756804918196,106.031056600846,148.71690134773,181.284511141151,165.268122681092,240.072475513274,241.802229695445,272.40951066232,204.142219250861,215.697362461167,266.723262472837,276.152554724881,339.550396431785,389.04911984317,337.801146989769,416.963461024336,431.838279948244,496.712174383687,277.396153721411,326.355415926874,312.365310569626,343.838825205749,383.745698544358,400.69633678479,386.976440970225,414.973713291103,503.713295172958,444.79393677319,476.239750991664,511.74166501643,567.05153303876,497.8672149582,570.33554473486,564.161849397808,620.49109284219,458.715021385831,530.649028113618,599.784274267346,570.814911019736,428.924049619941,471.900548534419,529.730243811586,509.262037827719,580.265307945794,578.163482549596,615.293330325578,642.489291712563,648.354242799046,688.814891295709,706.290468431645,661.363896163049,698.708636638562,754.209075892933,636.107005284429,721.188557523369,731.2146216932,686.347287502727,658.081379622807,690.402678205498,768.617399506209,220.822162413534,206.029442886501,48.830189932493,139.613721044217,65.1462518990459,528.05645341361
"9",136.900442612183,73.2962569811291,111.946016365219,127.684465883907,161.346183492637,82.881834738112,36.8160168310605,36.3430307371281,0,43.0022126931476,70.7423877561744,112.378709357361,144.988601698949,131.461140009383,204.329565288765,205.45977300839,236.727052775711,172.782702453641,190.888642943282,244.021036717777,247.070467242945,313.929414473836,359.790281953126,305.602609472241,383.117178622203,399.522536301282,463.090686097841,243.633258018298,291.650649794684,276.170821797881,308.036399781131,348.245618585153,365.891375735332,350.660518098135,379.006127258263,468.846911072259,408.59409359785,439.903064189579,475.980788443328,531.579356922166,462.94506578304,537.034133005666,529.438438147474,586.296226383882,427.725857566151,499.887262098828,569.338653070555,539.043329367432,402.815426898987,445.885581639285,503.091665898092,480.480625835594,553.477519726131,549.106571657555,586.681815747829,616.208247000823,620.048718185322,661.848846288133,677.54092599679,630.46587499559,668.532967147351,724.270717009046,603.568861276737,689.790984821915,698.39862065987,653.52875413613,624.596053403971,656.468468389856,734.475071241226,185.147346164566,171.535187394733,82.8890483500306,110.764934642944,36.455515677889,495.580966419314
"10",179.069916995201,113.876408025898,137.161633431577,133.166931915013,161.249529045705,88.7254426725824,70.5451814257193,78.1756804918196,43.0022126931476,0,44.4970816215026,73.7950257133052,104.475429470256,88.6558975926338,161.918639675696,165.742695735736,201.325999642674,150.896116423331,181.191180992923,236.09360917725,227.974370819137,299.928769356599,338.855598698824,279.2434435967,352.389921620932,372.220963123633,432.591128478449,214.210627236205,259.154854525658,237.996535508285,271.744712225116,312.947718721436,332.70414660482,311.23635782674,336.916910493425,425.899876408613,370.094215387437,400.019164580471,439.437502578289,495.960128202959,429.117079526448,507.057289633334,496.016702450132,554.123944460607,403.000076258936,475.269728035847,545.076772325561,512.302311580154,387.045571463693,429.951306442532,485.791538485833,459.61127711382,535.698080010359,527.449932029666,565.677678435309,599.024707508835,599.468627740541,643.401412416579,656.035457277775,605.181825215949,644.5064217649,700.557250631629,575.086713926923,663.421426604891,669.155697632249,624.356105610774,594.019642541637,624.80824986577,702.221665274337,150.317255701043,141.291526146947,125.810988891598,98.6767390716615,47.4354183789175,467.526266693684
"11",190.450632485969,124.083336851979,122.311390971033,99.7457092207479,122.556240114804,61.5512610534191,78.1723841302504,106.031056600846,70.7423877561744,44.4970816215026,0,48.4124086661923,82.3530216828508,91.142870408331,145.956730897422,139.167586722716,166.408096832129,106.733416030278,137.853274061968,192.861684697901,183.594406275855,255.490723926561,294.871560812005,236.919055151201,312.749437980467,330.470117126893,392.828540270674,173.481997229271,220.932202226361,207.32491255822,237.891012236894,277.720689036076,295.152703156807,282.794055848907,316.70301510694,412.101277676247,339.621848525374,372.365802310953,405.74764852589,461.037057011052,392.203948633044,466.964164517423,458.702837493027,515.694434880971,360.147783555058,432.429181669295,502.145703380434,470.372961186137,342.552227666803,385.465652157668,441.387863736631,415.69797858374,491.348160355638,483.744405893618,521.838826786311,554.633305449751,555.552815202455,599.149443517927,612.339044308533,562.659257165327,601.532990661854,657.496187539506,534.092873323707,621.38080837489,628.641716432548,583.786835549173,554.367597748039,585.974231245773,663.880175079163,114.834678993347,100.977615834513,147.549220756816,56.3023624356687,46.4896030033007,426.243705421349
"12",238.629260717667,172.118569429191,167.44099801191,133.053757019218,145.885981323082,104.158706357105,125.983383677085,148.71690134773,112.378709357361,73.7950257133052,48.4124086661923,0,34.0114124139644,56.6423919338595,97.5901089412206,93.1009826382589,127.99334769692,98.0897694132476,146.078481164026,198.913927988527,173.347328320356,250.036894233347,278.354363184201,213.133816925112,281.343281140688,304.080178579172,361.422730838683,145.864792757002,187.28806706832,164.358678632789,198.010344296146,239.412577527598,260.066856990887,238.321101575595,268.902022013509,363.688895970282,296.637780337678,327.524388497078,365.645138477842,422.256178168579,355.995067352272,436.081642311512,423.005741692719,481.674137028286,337.271056401809,409.176208801243,479.01383719752,443.979728037324,332.574697855429,374.627568648625,428.084879803964,397.76822869559,476.991587106727,464.243296432742,502.996315695166,540.644350386239,537.100140455845,583.280835520035,592.424473036683,537.91114717834,578.334344884877,634.542897870644,505.101630966831,595.017817889137,598.435036745881,553.751504028644,522.48028391513,552.572697267925,629.612818921309,77.8034963074651,74.9799574546767,193.28586093882,79.5712194580675,94.3732300405854,398.198785206491
"13",272.640479865824,206.12325677406,199.229118295221,159.550001578001,166.740272245466,135.550529248365,159.973575617216,181.284511141151,144.988601698949,104.475429470256,82.3530216828508,34.0114124139644,0,52.1219738018363,64.0687730664209,61.4419294202696,103.716388723597,103.050561766927,158.05781987914,207.171446987674,171.163775306596,248.906252388855,268.539137225481,199.033397122114,260.000049415266,286.392697485319,339.41294436778,130.988976208633,165.606889175606,134.706412221228,170.68455892346,212.947801541736,236.017631653292,206.842778885434,235.043168200836,329.806839139263,266.102678532817,295.544189163986,337.051327042238,394.469730109515,330.372426910821,414.068539291619,397.485863839469,457.192034933437,321.907495082266,392.953033817861,462.49018717211,425.239900832561,326.803742592365,367.775359965608,419.005561199531,385.546554250562,466.840285544552,450.43874531993,489.471705823093,530.439003206618,523.705423130048,571.558636660283,577.774674792184,519.972128548351,561.374737483497,617.594314320287,484.203419900709,575.737215834013,576.392838109749,531.946028895417,499.426158130202,528.349523331385,604.619438645724,59.2742368557067,69.3460192553636,226.684914638613,104.994586114213,128.379990266755,378.487105793109
"14",267.634908895809,201.962882980023,213.006972392878,186.922260637925,202.189812222253,152.544350269216,157.05905923586,165.268122681092,131.461140009383,88.6558975926338,91.142870408331,56.6423919338595,52.1219738018363,0,81.7198089982107,101.912703471657,151.579941621487,150.856334903904,201.99162620517,253.845537978401,222.290279971478,299.952525387738,320.618941185483,250.611881402438,307.96279860002,336.429484815885,386.446459459352,182.690961381073,214.160072953489,174.727725348877,213.551020805708,256.276345306425,281.841549972816,240.418753101838,254.889828286643,338.850093735346,301.328498288042,326.035853984997,375.791708127923,434.285525300085,373.716941055526,460.833442860867,440.614750056003,501.356187100239,372.810730130452,443.393147498374,512.694905238331,474.344758557603,378.817978752962,419.875541937302,471.085344134577,437.231390987744,518.812786305659,501.673992940508,540.757168765765,582.386837090455,575.004663188681,623.242853670571,628.633126839136,569.38485221407,611.257371135395,667.430699280021,531.709378356575,624.259996454606,622.768834493486,578.610485402668,544.999367289209,572.615467315854,647.80539325047,111.034883518586,120.451214635534,213.748568255692,135.012035474419,128.456803283933,427.095131496619
"15",335.531175285747,268.920294203747,262.938782806884,220.023786077024,222.103688362782,199.232327880241,222.710590674143,240.072475513274,204.329565288765,161.918639675696,145.956730897422,97.5901089412206,64.0687730664209,81.7198089982107,0,41.6359129760498,93.6741307271009,145.995113506668,204.230790854433,246.127501412664,196.769951345569,271.657094687115,274.666124009235,200.343443388603,241.18387068191,275.212446816649,316.461183266373,138.232846137598,152.256153780984,99.9455072789487,140.459836049894,182.518569552001,211.273337868895,159.529694160594,175.161986747783,266.295396377917,220.669537451207,244.340826741678,296.478694118271,355.413689601106,298.335713357086,389.691497710906,364.545774638093,426.160157013514,314.718578545803,382.205779064445,449.949284099721,408.3326956778,338.665948353901,376.596606275975,422.523365524383,383.404189386982,467.488839964015,443.874238816369,482.951613197585,530.187640464909,517.047723711107,567.840357377848,567.952577393735,503.626311699703,546.76470147681,602.535145692644,461.537138311577,555.872771034636,550.17962512779,506.663240934211,471.472879106244,497.271110887214,571.088589367022,80.9828023909324,106.749137020714,287.064407798064,165.876101335061,191.374661366897,360.178923943707
"16",328.789200831871,262.879159717901,246.129836680115,196.465567738062,192.898368355063,183.445970266601,217.269607174647,241.802229695445,205.45977300839,165.742695735736,139.167586722716,93.1009826382589,61.4419294202696,101.912703471657,41.6359129760498,0,53.8036947393371,111.673501676779,169.45780716247,207.756997644475,155.885648167341,230.17363050599,233.860157066224,159.922491273656,207.359238158014,238.596175385078,285.015961439578,96.6661831705739,115.146088735108,73.8930430415514,111.742212473569,154.445438203235,180.1159481994,145.495166498444,178.954206301228,279.524774915588,204.674506254182,234.477579889422,276.282665884407,334.126974399241,271.977908187294,359.217227750165,338.965561232758,399.511257870697,277.009035582678,345.885277133093,414.44125245628,374.43323815666,297.354439650857,335.668246419058,382.511969252954,344.542683163643,428.144776724469,406.365562120917,445.506512017841,491.141316547246,479.70186640957,529.721878274834,531.69413257085,469.702826666282,512.216993020316,568.24077431109,430.372722332563,523.550994595479,520.976960341111,476.904538042224,443.102883511795,470.768658558464,546.208511779279,44.5827098752697,72.99688250636,286.107095680593,144.652696437447,185.625822648353,326.731314472186
"17",347.913722197072,284.463349462967,254.5036322947,196.963825729132,183.518766938957,196.388124366197,241.162969859007,272.40951066232,236.727052775711,201.325999642674,166.408096832129,127.99334769692,103.716388723597,151.579941621487,93.6741307271009,53.8036947393371,0,98.9749480051114,149.350131017041,175.720922895191,115.649906711235,184.179922276708,181.078930714416,106.670373746173,156.567868428082,185.546819846337,235.725406661608,48.6168238587338,62.5941888924567,48.2554089787379,71.5665525732902,111.692132352871,132.530068395571,123.363618940803,177.370141196071,284.987450683234,175.376668918719,211.785272976959,239.339597928161,294.952227709394,228.007907066493,310.363524178044,295.040394472147,354.044746036621,223.419344706669,292.805656596361,361.709033141629,322.774739219886,245.667908818162,283.049406017611,328.981995835925,290.738991036229,374.38935711947,352.771383659819,391.918570396252,437.349156506009,426.133847000234,475.968506619939,478.511759406409,417.861820511216,459.937797624183,516.065667795912,380.662480599103,472.746777721907,472.677032378217,428.242578109584,395.786314167472,425.092525443482,501.812891559135,51.5901464958813,71.6063869830965,312.751906229028,152.988252364565,210.701296389047,275.538767039719
"18",260.469407110611,201.946560328295,160.142916137298,99.5454971371893,84.8434364027047,109.327224711129,164.509987539647,204.142219250861,172.782702453641,150.896116423331,106.733416030278,98.0897694132476,103.050561766927,150.856334903904,145.995113506668,111.673501676779,98.9749480051114,0,58.2525047359576,104.139080935512,77.3990032335981,152.430841564427,188.162437248694,133.837352395491,215.984126625121,227.840866870819,294.567565551352,79.4090284369431,132.488433016265,147.220223941642,163.15948404639,195.57777417646,205.025880203523,221.109659207386,275.695891714165,382.23883990659,268.495768822065,307.685180036145,323.389995191433,374.335187641011,301.416916541241,367.308434573679,365.903351969239,419.635282033944,254.955801960524,327.104566455923,396.58034387998,366.683751960244,237.167347179943,279.827543633276,335.081895416527,309.007992451168,384.868407906889,377.191455696693,415.180132788808,448.26458668268,448.85179114975,492.505594171054,505.771851300108,457.698605014965,495.82453576941,551.63463680128,432.140040646417,517.192048137554,527.419398840307,482.573785757387,455.259674262003,488.56366110869,567.237797882515,67.0908058405236,39.2930237909306,235.830251932464,66.1757028438111,139.014333356665,324.096555474779
"19",247.121989710862,198.586623161681,140.447100316304,78.622228643611,46.2225625764111,111.475908656706,171.529223458608,215.697362461167,190.888642943282,181.191180992923,137.853274061968,146.078481164026,158.05781987914,201.99162620517,204.230790854433,169.45780716247,149.350131017041,58.2525047359576,0,55.00947886043,71.0821608820727,123.864568589509,178.645362520264,146.232730615869,233.775435967742,234.628042810517,307.069983788395,115.491131700773,166.139606816193,196.316723381808,204.201279795638,229.536078808659,231.374364931581,265.815930546094,326.329283458917,434.308347120734,306.661272660486,348.281552913369,352.279543256103,398.35955647368,323.169518476579,375.838113053163,383.859243708885,432.606579310216,253.266575727546,323.044608441487,390.412316455882,366.977287012201,213.286190091776,256.223844160879,314.212651316924,296.295291137857,364.781332764242,365.387945477567,401.592983185137,426.820157565373,434.132285080025,473.356064490503,492.586825001608,453.041434712913,487.988729124329,542.690186820196,435.399940773885,514.294691578148,531.03922416745,486.664784490541,463.302254682054,498.752156339958,577.704596342881,124.963921976684,97.5434172124616,236.730851884171,82.6296059577552,154.466227017375,328.858522869565
"20",285.336384127911,244.003282341891,179.290225387389,123.456241789876,87.0151343289664,162.613628491222,221.970060928336,266.723262472837,244.021036717777,236.09360917725,192.861684697901,198.913927988527,207.171446987674,253.845537978401,246.127501412664,207.756997644475,175.720922895191,104.139080935512,55.00947886043,0,65.4033809919035,77.9031782148905,143.735535569059,135.03935315945,219.565298841068,210.247519080257,284.888929864339,131.729382687409,172.860235291501,218.005754346633,215.697928185813,231.783582666573,225.657875933079,278.851344810315,346.143625342643,455.030310140712,310.468147170405,353.914157554436,344.681459674113,384.836902680953,309.159363817001,348.513382124068,364.782409763985,408.176548612403,220.774522459929,286.654401849455,351.33950254851,333.089655552434,165.843993539264,207.976071682235,266.661886661269,254.195776209497,317.127007705559,322.776412941521,357.427614737307,377.986043010082,388.988812994502,425.455155567697,447.957107873759,414.327119165677,446.786719531918,500.397372655965,402.819682455289,476.294492430272,497.756259053414,454.157962059614,434.24908142362,471.096670212592,549.570388942656,165.144828037107,141.100006911377,283.219267897866,137.438647904261,207.581965427918,299.367361877953
"21",317.278683539201,265.717140307214,211.02707699705,148.400769379678,117.301968037631,174.725269407838,233.874880608464,276.152554724881,247.070467242945,227.974370819137,183.594406275855,173.347328320356,171.163775306596,222.290279971478,196.769951345569,155.885648167341,115.649906711235,77.3990032335981,71.0821608820727,65.4033809919035,0,77.7424940932464,112.904859184241,76.0382577649037,163.560795595274,163.727798377005,235.991546935068,68.6021592809722,107.523222237273,154.571861984516,150.311665943797,167.513950195632,164.357113119879,213.462048832458,281.374130569203,390.219063791352,246.123192558162,289.271945262039,284.921889196966,328.858318582935,253.348469392664,305.015269597682,313.094523139975,361.528985840772,184.446278359371,255.512622102664,324.074220230255,297.947281345447,159.845262458238,202.438343322125,257.81956031575,233.420845597902,307.756175117339,302.146094457002,339.612976770679,371.050610165904,372.999069260764,415.65826715087,430.496544941817,386.140927463935,422.710740920059,478.09657495715,365.659520119317,446.745479410635,461.341224010956,416.79418311318,392.639485683566,427.858615724906,506.8244557621,118.337214100067,101.902673050687,302.563772530842,136.689227836535,211.829266751974,258.546571152743
"22",363.223267686694,320.461245132377,257.007506846128,199.488062180826,163.453012091049,235.334109330917,295.370991320737,339.550396431785,313.929414473836,299.928769356599,255.490723926561,250.036894233347,248.906252388855,299.952525387738,271.657094687115,230.17363050599,184.179922276708,152.430841564427,123.864568589509,77.9031782148905,77.7424940932464,0,71.7091840332679,98.8641220125192,166.028365045458,145.237331559787,219.164598631523,135.671617659765,154.003437338893,214.162103200601,197.453105562189,198.938051588105,182.615666037279,257.290135285754,330.771167362941,437.495153209467,274.407612473242,318.41018395685,292.962365467659,325.524563345981,251.268875088304,277.108582378748,300.274503290378,338.3843160615,147.551113334041,210.176574302214,273.759949965936,257.549179576348,89.4602991028564,132.359604862667,190.479636455515,176.300981538966,241.059095994624,244.888351148982,279.774021062939,302.956234779735,311.637248797156,349.622926562844,370.475568013508,336.747003487097,368.88829742467,422.525075927291,327.599728454262,398.811446992564,421.879444750286,378.775577689003,360.933263306856,398.489198903569,476.31569254572,195.247631232411,179.62935620107,359.304417149442,203.720940748886,277.666172181619,226.964365534449
"23",424.989114943937,376.901425654658,318.088595203169,257.221081786425,222.998605734317,287.086802215669,346.571058730827,389.04911984317,359.790281953126,338.855598698824,294.871560812005,278.354363184201,268.539137225481,320.618941185483,274.666124009235,233.860157066224,181.078930714416,188.162437248694,178.645362520264,143.735535569059,112.904859184241,71.7091840332679,0,74.6891285096953,104.22591418166,75.2098379738874,147.915656227657,138.982732933274,130.373929748212,195.417986692917,167.000007545275,154.040127443773,129.424956730646,218.073108819788,293.160236636308,394.870449199219,221.544029765109,264.421629890774,227.833875038613,255.958929730542,183.122855939009,205.868628611939,229.049074930731,266.806815528773,77.0714612368352,144.520879431462,211.891233540787,189.708524900487,67.2103019516069,101.982738798794,150.467048173232,120.855335109916,198.707664745221,189.316402175072,227.057627435147,262.372139235549,260.689432598646,305.128030342009,317.789609569157,274.415380176337,310.059379547247,365.28619418997,259.203634776512,335.666988689056,354.376205577255,310.566316689476,290.718404097671,327.869456571738,406.105519147366,209.78870307333,203.477155158616,414.460472020304,249.582964061214,324.70461480818,156.08290770666
"24",389.312918722341,334.21168400482,284.268599676194,221.212527038987,192.280907458381,241.627383124022,298.259023849165,337.801146989769,305.602609472241,279.2434435967,236.919055151201,213.133816925112,199.033397122114,250.611881402438,200.343443388603,159.922491273656,106.670373746173,133.837352395491,146.232730615869,135.03935315945,76.0382577649037,98.8641220125192,74.6891285096953,0,87.5985377028812,94.0379853194365,162.358919212354,68.0727373064999,58.2354208352521,122.646992926251,99.7391442368281,101.206984833324,90.7224064586483,158.453485925413,232.268282005234,338.645047380393,178.6913983955,222.705808202291,209.938397162613,252.828319319852,177.31257055057,233.900560509876,237.72122592783,288.065726716598,124.184629953417,196.28006184713,266.145101447231,233.509549075664,140.695015433392,176.624022623353,222.663990037815,186.634019615596,268.981997858044,251.596223415121,290.5545429464,332.33834673792,324.765844917714,372.63524078982,379.440999474295,325.938389182232,365.561245763241,421.713691077024,298.328030687834,384.464458306844,393.582483054989,348.738972148569,321.891815154978,355.887941787086,434.773864566369,139.759190235794,138.787508979341,369.213629603418,199.705878608342,272.65671756725,190.276985743768
"25",474.99098706679,417.912755673117,370.873507176283,307.831494100056,279.735884387714,325.231299939172,379.701878728197,416.963461024336,383.117178622203,352.389921620932,312.749437980467,281.343281140688,260.000049415266,307.96279860002,241.18387068191,207.359238158014,156.567868428082,215.984126625121,233.775435967742,219.565298841068,163.560795595274,166.028365045458,104.22591418166,87.5985377028812,0,44.516002130334,80.2012351930648,139.570059127813,94.4378266529063,143.108919582329,103.341195078461,68.9235251123818,35.7678776321666,131.328366810451,203.315853439647,297.68845189846,119.770675153339,161.364550220983,127.129916916745,165.635880890109,89.9449777822714,154.761562896433,150.693964966039,203.810533664409,85.9113594052893,143.45719764778,209.302506681072,167.254367663573,161.218079948819,179.983041492975,205.480438885071,157.513164306648,241.497841765815,207.939739176826,246.235773040114,300.38263797608,279.675758481858,332.728635903774,327.934776428515,262.573504397881,305.58084474674,361.384147405959,224.212976727607,316.32398744367,317.091819149698,272.420850002463,241.688899602767,273.439217312996,351.756324795822,203.658118991148,211.800798741074,451.488166072244,282.064416370113,352.256429639952,119.376566332152
"26",480.832639248736,427.376219871312,374.749041970384,312.018161231442,280.745502329426,335.030600942548,392.158200253282,431.838279948244,399.522536301282,372.220963123633,330.470117126893,304.080178579172,286.392697485319,336.429484815885,275.212446816649,238.596175385078,185.546819846337,227.840866870819,234.628042810517,210.247519080257,163.727798377005,145.237331559787,75.2098379738874,94.0379853194365,44.516002130334,0,74.7521814784337,158.385259866713,123.462957980457,180.470633806699,142.553166112929,112.336312661543,79.8052945981653,175.690817614488,247.80968019878,340.938622890315,161.859594440388,201.691702657403,154.641624934715,180.784850096949,108.222729527573,141.30235167294,155.441806426678,198.602382189432,42.1530318366779,107.293410942693,176.270358493778,140.100723943658,121.667295689201,136.427990953168,161.223561600404,114.10312063819,198.741250378065,168.999991516962,207.94688546892,258.929289665995,241.941162515359,293.579747460038,293.10044504126,233.88781612369,274.982288829321,331.201917442286,204.299783321245,291.236269821196,299.635000727873,254.817596946251,229.058935086995,264.137332231231,343.099892053106,227.920778867138,231.052476480754,462.868265599529,293.567434630805,366.694343215209,96.2573616346604
"27",551.663471128904,496.110175785034,446.361479972082,383.359193453467,353.292033579349,403.407799556084,458.842712798794,496.712174383687,463.090686097841,432.591128478449,392.828540270674,361.422730838683,339.41294436778,386.446459459352,316.461183266373,285.015961439578,235.725406661608,294.567565551352,307.069983788395,284.888929864339,235.991546935068,219.164598631523,147.915656227657,162.358919212354,80.2012351930648,74.7521814784337,0,219.45817440023,174.23868758268,216.687132262567,176.082987994191,135.068663109517,105.243931359881,183.939636511816,244.178466855402,319.71514641507,145.41223929897,173.946601673775,102.945465190504,111.369453962014,52.1868948621561,74.6995105992557,81.1385309529028,125.734097096124,82.3362789168224,92.3820215631435,144.341522475901,96.3992593860308,180.208873715743,179.871006686983,181.051268153731,130.575289357063,202.330117183135,156.306023822576,190.442670658846,252.479817119921,221.118167900751,276.294264438562,262.157136911597,189.630344186745,234.019415577793,288.60471454216,145.366898438131,239.468190232463,237.093727522199,192.547163850847,161.540420704751,193.999813635154,272.699797993866,283.673411855404,291.921988947646,530.387591087148,360.743138600518,431.856214534443,49.3495253279276
"28",339.758997149271,280.199667840236,239.180258308215,177.499463316848,156.381303680995,188.047606119913,240.643853218066,277.396153721411,243.633258018298,214.210627236205,173.481997229271,145.864792757002,130.988976208633,182.690961381073,138.232846137598,96.6661831705739,48.6168238587338,79.4090284369431,115.491131700773,131.729382687409,68.6021592809722,135.671617659765,138.982732933274,68.0727373064999,139.570059127813,158.385259866713,219.45817440023,0,53.2503244873211,86.3259852837013,88.7109282025356,116.85741945865,125.834925724261,150.715640401063,214.842833125476,323.685221678494,192.054614768753,233.038009240198,244.057280699475,295.046735255671,222.655053717768,293.486207361193,287.880463475648,343.181110516938,191.682212721163,263.3906851662,333.199685843609,298.44626604981,200.984449332284,240.087127087606,289.113647093386,254.572072765668,336.300367652154,319.635761960436,358.615171260043,399.811007858505,392.831747106931,440.587999035977,447.328517969419,392.095066030886,432.485760411854,488.701022827603,360.908053640265,449.571363355721,455.22170037923,410.380563153918,380.966942541088,413.008044438376,491.254728880981,71.721672303064,72.9258467455427,312.642710226274,144.157655729869,212.757646921752,253.323204476423
"29",392.480923408475,332.074082281728,292.417596970793,230.717997560769,208.688474521359,240.436843773354,291.380998248268,326.355415926874,291.650649794684,259.154854525658,220.932202226361,187.28806706832,165.606889175606,214.160072953489,152.256153780984,115.146088735108,62.5941888924567,132.488433016265,166.139606816193,172.860235291501,107.523222237273,154.003437338893,130.373929748212,58.2354208352521,94.4378266529063,123.462957980457,174.23868758268,53.2503244873211,0,65.0514049438314,44.116633872119,63.8272589877555,74.3703018457669,106.64409462496,177.694940570546,285.714380550188,140.60074235265,182.815636673782,190.90291901102,242.684122210556,171.606340700363,248.934838593953,237.818607605958,295.031285997398,162.465576567657,230.743923290376,299.358421698607,260.185527701394,197.411913332489,230.972256159715,272.516888839825,231.559067064967,316.060909544166,291.684838085091,330.789522883838,378.362081484907,364.928322499608,415.587012868566,416.562747832805,355.269328139241,397.408641152439,453.51599712641,318.646083318605,410.279266318186,411.328493536527,366.732741512794,335.196789816239,365.653480210786,443.187084596871,109.491119045986,120.339182606037,363.495110719208,196.368558312383,262.505960254012,213.034548782401
"30",392.956296222928,328.483654003832,301.814153874797,245.022830526384,231.658372042325,242.507100623193,284.109543676612,312.365310569626,276.170821797881,237.996535508285,207.32491255822,164.358678632789,134.706412221228,174.727725348877,99.9455072789487,73.8930430415514,48.2554089787379,147.220223941642,196.316723381808,218.005754346633,154.571861984516,214.162103200601,195.417986692917,122.646992926251,143.108919582329,180.470633806699,216.687132262567,86.3259852837013,65.0514049438314,0,40.6061449301083,82.6365486381763,111.688808730296,76.4724158688734,130.044455388381,238.415423224384,132.428628901353,165.900553995803,202.434663479951,260.241179831598,199.313279677607,289.748799446984,266.027817165706,327.138391057848,221.649422807559,285.968630516605,352.410017564069,309.497319483203,262.460035546031,295.688421282257,335.501587950714,292.55078607157,377.467538781608,349.299570105279,388.078547445166,438.861934433384,421.869528689833,474.008935563784,471.01034540799,404.650278238789,448.161542580005,503.692677855535,361.629596150358,456.152951115548,450.369882269788,406.761151604899,371.83210400141,398.365079248377,473.135346845049,94.5834305233432,118.46624789092,354.81265916217,199.737502839686,252.973320509139,261.166353244475
"31",418.492697305937,355.631683887867,322.518045353631,262.704959492576,244.311564181834,266.438167543888,312.641793230576,343.838825205749,308.036399781131,271.744712225116,237.891012236894,198.010344296146,170.68455892346,213.551020805708,140.459836049894,111.742212473569,71.5665525732902,163.15948404639,204.201279795638,215.697928185813,150.311665943797,197.453105562189,167.000007545275,99.7391442368281,103.341195078461,142.553166112929,176.082987994191,88.7109282025356,44.116633872119,40.6061449301083,0,42.7268752282519,71.1269110082404,63.1538382306705,133.644288775149,241.602486805791,105.485667322217,144.851136331501,167.949281200803,224.253329823129,160.239119929928,249.261794711571,227.255273364463,287.805168057262,184.347968618005,246.684260181539,312.457963127,269.08766325655,234.061850517025,264.259198043805,300.572177704306,255.942663468054,340.867061349739,310.645581504944,349.214613024113,401.477904892608,382.823836356451,435.466493742289,431.20780241543,364.173831481479,407.785569429441,463.238382792552,321.077490777918,415.54749447208,410.183858508418,366.440761565568,331.864867444561,359.064446863989,434.504463085097,123.063230388388,141.94513982404,384.300646727173,222.556704434221,282.259550248506,220.717642042572
"32",454.538784627137,392.964136917788,355.708482320213,294.329719929745,272.477231124419,302.262052892452,350.996903221714,383.745698544358,348.245618585153,312.947718721436,277.720689036076,239.412577527598,212.947801541736,256.276345306425,182.518569552001,154.445438203235,111.692132352871,195.57777417646,229.536078808659,231.783582666573,167.513950195632,198.938051588105,154.040127443773,101.206984833324,68.9235251123818,112.336312661543,135.068663109517,116.85741945865,63.8272589877555,82.6365486381763,42.7268752282519,0,33.3175825790255,64.9563623157983,139.608101834681,241.276395191329,78.6863849303692,122.267925389238,128.808702726624,183.333738894218,117.583059012204,207.331890842074,184.651075260232,245.080399204301,154.36291514961,211.047623693939,274.610092048273,229.671450055779,218.660292341569,243.517295655657,273.470394742942,226.214230555468,310.396092158976,276.155447507759,314.069306946521,369.207881799704,347.144944177689,400.754774352082,393.530269957505,324.255878383385,368.282930398373,423.339831558931,279.371415175477,374.330291367409,367.734418072272,324.145516676628,289.260531948473,316.339650789984,391.888421201798,163.15354243107,179.346975350024,422.973604028103,258.143346683621,321.185045555242,181.258230563044
"33",465.494070647023,405.925458191798,363.770469695552,301.25783179931,276.195302239362,313.881327548881,365.643631944393,400.69633678479,365.891375735332,332.70414660482,295.152703156807,260.066856990887,236.017631653292,281.841549972816,211.273337868895,180.1159481994,132.530068395571,205.025880203523,231.374364931581,225.657875933079,164.357113119879,182.615666037279,129.424956730646,90.7224064586483,35.7678776321666,79.8052945981653,105.243931359881,125.834925724261,74.3703018457669,111.688808730296,71.1269110082404,33.3175825790255,0,95.9351990998793,168.941775960701,266.399812797103,92.6798579281452,136.311266812402,120.921656625977,169.328132575928,97.242403669268,179.1215633776,163.555112986722,221.612757645146,121.574574075304,177.893674780948,242.136454587419,198.067711592375,191.305656783886,213.374931635218,241.013428080859,193.267705645567,277.246210822801,242.891831848923,280.891075894188,335.89980435918,314.064250246524,367.542411014544,361.034118906232,293.076247827948,336.780374861447,392.153666723353,250.535292855604,344.599561337845,340.931170080864,296.793214205818,263.462618106648,292.587996870285,369.573536506993,182.459330888831,194.700860303453,437.750633595368,269.955563747799,336.871317400668,149.66378775565
"34",469.376771125477,404.72175020997,377.831264846948,320.047159297202,304.305191599677,318.941536425225,360.079500565381,386.976440970225,350.660518098135,311.23635782674,282.794055848907,238.321101575595,206.842778885434,240.418753101838,159.529694160594,145.495166498444,123.363618940803,221.109659207386,265.815930546094,278.851344810315,213.462048832458,257.290135285754,218.073108819788,158.453485925413,131.328366810451,175.690817614488,183.939636511816,150.715640401063,106.64409462496,76.4724158688734,63.1538382306705,64.9563623157983,95.9351990998793,0,75.096381937827,180.209253954484,61.1908072437095,89.6272875878937,138.632550121015,197.882946182299,150.791306104102,249.463711884389,212.834363880196,275.243169822273,217.212088775496,268.492068746791,327.884073802296,280.326942243075,283.364204285407,308.403810053783,336.808793660779,288.528981260824,371.750458343714,334.204363146843,371.038085860607,428.883113483797,403.183796756457,457.735157697484,446.083114974579,372.278601214875,417.017816789462,470.576830011249,321.23767317085,417.355009068612,402.922771606314,361.394092459805,323.410460613035,345.123979314093,415.95016080738,171.031989117148,194.617005537482,430.334767773858,276.008089192463,328.775267835364,232.868655998549
"35",507.074738471342,440.786328588188,424.18786928795,370.969661419561,360.522586584969,362.124722700136,394.783397444397,414.973713291103,379.006127258263,336.916910493425,316.70301510694,268.902022013509,235.043168200836,254.889828286643,175.161986747783,178.954206301228,177.370141196071,275.695891714165,326.329283458917,346.143625342643,281.374130569203,330.771167362941,293.160236636308,232.268282005234,203.315853439647,247.80968019878,244.178466855402,214.842833125476,177.694940570546,130.044455388381,133.644288775149,139.608101834681,168.941775960701,75.096381937827,0,108.887255876274,99.9011512320713,92.2467428461731,172.065393627357,227.079018372985,201.716354459006,300.894684068848,253.602476638958,314.097995428437,288.419626682752,333.664531623617,387.941563452676,338.729232081534,358.259178671465,382.281710462813,407.927103073803,358.596307933648,440.17731303946,399.161596617429,434.456287994765,494.97151255659,465.276172135067,520.472691544538,503.90475716661,426.189653405737,471.009308384145,522.27278247832,369.982842819656,465.235209854783,442.751568640538,404.371326252718,364.320883040647,379.784274977552,443.512618008334,215.868372523847,243.155306306465,461.412434061962,321.892028043743,363.107606808348,293.441428317142
"36",601.776605504464,535.165331709437,525.45365764169,475.136962751904,467.007020079538,462.313368012375,488.965927515173,503.713295172958,468.846911072259,425.899876408613,412.101277676247,363.688895970282,329.806839139263,338.850093735346,266.295396377917,279.524774915588,284.987450683234,382.23883990659,434.308347120734,455.030310140712,390.219063791352,437.495153209467,394.870449199219,338.645047380393,297.68845189846,340.938622890315,319.71514641507,323.685221678494,285.714380550188,238.415423224384,241.602486805791,241.276395191329,266.399812797103,180.209253954484,108.887255876274,0,179.641593538406,145.786001447065,225.71728088442,265.598678379847,269.837190190086,360.702675421315,303.337277258192,355.731051474276,378.689986803327,412.091423722565,456.346138807068,406.459788586877,457.685670111596,477.353402582017,495.667535407896,445.021707997924,521.844355291263,475.326258399947,507.106683287145,571.231568191942,534.94102670971,590.166670528827,565.497264765326,483.685488742255,527.232162469323,573.472468220628,422.04873633259,512.135925010184,478.411227374777,446.364516747197,405.431306316638,411.073829527235,461.172714995844,319.82281820546,347.949957129742,551.710247642314,424.15798786322,457.669609967218,366.512532929831
"37",523.276939138987,459.708054838436,428.003690305642,368.016752510068,348.435258353155,371.515628223568,415.914365080988,444.79393677319,408.59409359785,370.094215387437,339.621848525374,296.637780337678,266.102678532817,301.328498288042,220.669537451207,204.674506254182,175.376668918719,268.495768822065,306.661272660486,310.468147170405,246.123192558162,274.407612473242,221.544029765109,178.6913983955,119.770675153339,161.859594440388,145.41223929897,192.054614768753,140.60074235265,132.428628901353,105.485667322217,78.6863849303692,92.6798579281452,61.1908072437095,99.9011512320713,179.641593538406,0,44.0660140734725,78.9177640190315,137.887323823288,101.857445800385,201.294392177412,157.253183703856,219.195881360413,199.049277534588,236.49417743227,288.410363864894,239.010824538187,280.973278916385,298.215813259743,316.464215135873,266.028484163578,344.909986226412,301.433627528651,335.830723697788,397.557586537324,366.10486528795,421.409629899453,404.016764481258,326.445283846249,371.291720845161,422.993957423394,271.178452400798,366.914925036547,347.857340982221,307.812852432865,268.59740484622,287.695735236697,356.614976672509,225.760208714394,246.754863282468,486.98573787686,327.783911744113,385.005231209909,194.3764906614
"38",558.847371692468,494.320844369258,466.071955462591,407.157321915974,389.116180542446,408.015966316049,449.7063275601,476.239750991664,439.903064189579,400.019164580471,372.365802310953,327.524388497078,295.544189163986,326.035853984997,244.340826741678,234.477579889422,211.785272976959,307.685180036145,348.281552913369,353.914157554436,289.271945262039,318.41018395685,264.421629890774,222.705808202291,161.364550220983,201.691702657403,173.946601673775,233.038009240198,182.815636673782,165.900553995803,144.851136331501,122.267925389238,136.311266812402,89.6272875878937,92.2467428461731,145.786001447065,44.0660140734725,0,84.1425967632549,135.611717662611,124.315669570261,218.529890096287,165.690384178038,224.248882863267,236.569093113407,266.328335056594,311.865268123952,261.93065129995,322.301400880242,337.223793692743,351.331273243355,300.515544509425,376.171781238644,329.613346592311,361.864701845868,425.603489300542,390.393459512278,445.744403879305,423.747925677858,343.421027792233,387.804393999325,436.973753181882,284.255606294633,378.023938893844,352.288000747447,315.26612787643,274.722698427649,288.305187966418,351.265984502099,260.472607892456,283.360425165402,519.887127552187,364.769382522266,418.391267372202,220.869391162643
"39",583.126981627703,521.771036440049,483.187834693858,421.117077136369,396.938882648405,430.897737020474,479.705749857621,511.74166501643,475.980788443328,439.437502578289,405.74764852589,365.645138477842,337.051327042238,375.791708127923,296.478694118271,276.282665884407,239.339597928161,323.389995191433,352.279543256103,344.681459674113,284.921889196966,292.962365467659,227.833875038613,209.938397162613,127.129916916745,154.641624934715,102.945465190504,244.057280699475,190.90291901102,202.434663479951,167.949281200803,128.808702726624,120.921656625977,138.632550121015,172.065393627357,225.71728088442,78.9177640190315,84.1425967632549,0,59.2504187328488,51.0558099784144,135.217682703163,81.8652566044853,142.103426806998,179.370141262159,192.585708029675,230.893730921357,181.141616971083,274.499204932818,280.329086937923,283.910196964452,233.517304779548,302.37892210008,252.611653549777,282.442257186826,347.555995462045,309.445133113514,364.57430150013,340.423261038023,259.544492239078,303.801722474623,352.843325186357,200.119038392152,294.182324395865,270.871709399841,232.358028080446,192.257795803748,209.263577120409,277.73116561778,290.921097712635,308.119280990827,551.618453540598,386.774804957294,449.713679668173,144.343569239326
"40",634.79012437472,574.754628906435,532.909378041587,470.217798064534,443.929451239779,483.010394692102,533.666445875376,567.05153303876,531.579356922166,495.960128202959,461.037057011052,422.256178168579,394.469730109515,434.285525300085,355.413689601106,334.126974399241,294.952227709394,374.335187641011,398.35955647368,384.836902680953,328.858318582935,325.524563345981,255.958929730542,252.828319319852,165.635880890109,180.784850096949,111.369453962014,295.046735255671,242.684122210556,260.241179831598,224.253329823129,183.333738894218,169.328132575928,197.882946182299,227.079018372985,265.598678379847,137.887323823288,135.611717662611,59.2504187328488,0,75.7194965602947,106.004310471825,43.9980653606897,90.4231076507595,193.657676662261,184.052326557109,204.680162551212,158.087293056547,291.525648650422,288.568939284509,279.862951034459,232.388335905435,288.440693974348,234.728031046378,258.415885599463,324.901562307801,280.991634744116,334.553945925938,303.513529997579,220.601103499507,262.987946181104,307.915661147643,157.473485469172,246.632933948598,216.979952843409,181.609743264551,140.684081240815,152.74614337001,218.824467330373,346.471565904152,362.029232088225,605.748756676759,438.994904963901,504.207738346343,135.288189992319
"41",561.731488900004,502.853745984824,458.842710797063,395.958529484725,368.920815941843,410.583004877161,462.849920043386,497.8672149582,462.94506578304,429.117079526448,392.203948633044,355.995067352272,330.372426910821,373.716941055526,298.335713357086,271.977908187294,228.007907066493,301.416916541241,323.169518476579,309.159363817001,253.348469392664,251.268875088304,183.122855939009,177.31257055057,89.9449777822714,108.222729527573,52.1868948621561,222.655053717768,171.606340700363,199.313279677607,160.239119929928,117.583059012204,97.242403669268,150.791306104102,201.716354459006,269.837190190086,101.857445800385,124.315669570261,51.0558099784144,75.7194965602947,0,99.7371159656173,67.1140658911211,127.857018987712,129.104799682772,143.435801374864,188.104251944966,138.279618025427,225.431439441842,229.578610561008,233.226763867282,182.685529774119,253.545388821463,205.554578629215,237.566356603854,301.394497261029,266.450704952614,321.836253184107,302.396531153401,224.627305089005,269.486786610759,321.600059330092,170.744158064881,266.848975296832,253.167138457234,210.904172078981,173.84008463741,199.057221321505,274.311617667131,278.812741589976,291.915321911052,534.94902645453,366.793590573608,434.111765010792,96.6969516881092
"42",622.117999599576,568.08853214345,516.042079374445,453.319030091422,421.890354170667,475.527858480835,531.805627176851,570.33554473486,537.034133005666,507.057289633334,466.964164517423,436.081642311512,414.068539291619,460.833442860867,389.691497710906,359.217227750165,310.363524178044,367.308434573679,375.838113053163,348.513382124068,305.015269597682,277.108582378748,205.868628611939,233.900560509876,154.761562896433,141.30235167294,74.6995105992557,293.486207361193,248.934838593953,289.748799446984,249.261794711571,207.331890842074,179.1215633776,249.463711884389,300.894684068848,360.702675421315,201.294392177412,218.529890096287,135.217682703163,106.004310471825,99.7371159656173,0,62.0731709300684,62.7896700380334,129.748464407373,88.4419748828646,98.9155490906263,52.5362957994052,219.085647302516,204.063841329269,182.436227599735,140.520063953091,184.226539031912,129.631148198084,152.490025422548,218.942880321366,176.314479748692,230.806789110497,205.266035752315,125.401405492115,170.153279149615,221.862951146872,72.2466162688818,168.097019254632,162.394557729358,117.879193255251,87.991520074692,122.982335149452,201.887959174278,358.35113655931,366.172512287565,603.028274062124,433.40273189878,505.341141325876,50.6101775887576
"43",625.563793633412,567.76658630493,521.560033032868,458.510988110171,429.976841910503,475.228303194869,528.48123154705,564.161849397808,529.438438147474,496.016702450132,458.702837493027,423.005741692719,397.485863839469,440.614750056003,364.545774638093,338.965561232758,295.040394472147,365.903351969239,383.859243708885,364.782409763985,313.094523139975,300.274503290378,229.049074930731,237.72122592783,150.693964966039,155.441806426678,81.1385309529028,287.880463475648,237.818607605958,266.027817165706,227.255273364463,184.651075260232,163.555112986722,212.834363880196,253.602476638958,303.337277258192,157.253183703856,165.690384178038,81.8652566044853,43.9980653606897,67.1140658911211,62.0731709300684,0,62.4093023445722,160.487021348921,141.936870449976,160.903399331803,114.092921341754,257.387333383551,250.491204087959,237.891895801686,191.684080253308,244.725476622305,190.811566399238,214.554212023225,281.01522796113,237.721653982497,291.70284715737,262.70643810602,180.416909579204,223.920328206298,271.562064903338,119.079770701544,212.360854377642,190.653939163313,150.860277475497,111.345048753928,132.883131229694,207.249192416569,345.699567769274,358.132666269051,600.514511723015,431.704219802789,500.118154542976,94.2368073803731
"44",677.378645349,621.44178986167,572.079782946156,509.087461604599,478.816717961343,528.726666070446,583.512315295651,620.49109284219,586.296226383882,554.123944460607,515.694434880971,481.674137028286,457.192034933437,501.356187100239,426.160157013514,399.511257870697,354.044746036621,419.635282033944,432.606579310216,408.176548612403,361.528985840772,338.3843160615,266.806815528773,288.065726716598,203.810533664409,198.602382189432,125.734097096124,343.181110516938,295.031285997398,327.138391057848,287.805168057262,245.080399204301,221.612757645146,275.243169822273,314.097995428437,355.731051474276,219.195881360413,224.248882863267,142.103426806998,90.4231076507595,127.857018987712,62.7896700380334,62.4093023445722,0,191.659268982275,148.89599101884,138.598529425002,105.006259932705,281.847458081667,265.640046008611,239.221381570184,200.964900368988,232.873451745827,177.785019710246,190.895109129104,255.922543037069,206.630955458396,256.713534906774,219.483518694972,136.728205780361,176.343043464344,218.366910220401,72.7328720210927,156.41908798212,128.810028200512,91.2801780881446,50.496951392879,71.2592856045986,148.186294198229,404.011104754333,414.762696392369,655.282037004117,485.776764591791,555.938757008005,113.195812495436
"45",500.325157357088,450.158493419296,393.49771400188,331.81556682819,298.46612608902,358.931676077572,417.515929062727,458.715021385831,427.725857566151,403.000076258936,360.147783555058,337.271056401809,321.907495082266,372.810730130452,314.718578545803,277.009035582678,223.419344706669,254.955801960524,253.266575727546,220.774522459929,184.446278359371,147.551113334041,77.0714612368352,124.184629953417,85.9113594052893,42.1530318366779,82.3362789168224,191.682212721163,162.465576567657,221.649422807559,184.347968618005,154.36291514961,121.574574075304,217.212088775496,288.419626682752,378.689986803327,199.049277534588,236.569093113407,179.370141262159,193.657676662261,129.104799682772,129.748464407373,160.487021348921,191.659268982275,0,72.2842200955675,142.080809396141,113.711673378277,97.8752664137887,101.58467459936,119.650254297805,71.9501780461287,156.647257704189,129.358510776008,168.503069561061,217.25790469791,202.714502367603,253.155786374418,255.870791689043,202.742803101441,241.51539259174,297.612631714829,182.544687942368,262.59074064071,278.00438965452,233.910121475882,213.691884557403,251.009863005254,329.093696159003,262.821207111815,262.956534543168,486.907197703767,319.272131969549,393.730364125689,79.425050559997
"46",569.496215900445,520.906871680478,462.598035071045,401.658130995915,367.515066319688,430.230127848254,489.136673939806,530.649028113618,499.887262098828,475.269728035847,432.429181669295,409.176208801243,392.953033817861,443.393147498374,382.205779064445,345.885277133093,292.805656596361,327.104566455923,323.044608441487,286.654401849455,255.512622102664,210.176574302214,144.520879431462,196.28006184713,143.45719764778,107.293410942693,92.3820215631435,263.3906851662,230.743923290376,285.968630516605,246.684260181539,211.047623693939,177.893674780948,268.492068746791,333.664531623617,412.091423722565,236.49417743227,266.328335056594,192.585708029675,184.052326557109,143.435801374864,88.4419748828646,141.936870449976,148.89599101884,72.2842200955675,0,69.8656524318065,49.2149386076904,138.11686063263,116.974743399831,95.9581311318018,52.1710432751888,110.11452962393,65.7378703150152,103.028166570912,161.312974099478,136.232983441173,189.756456751188,185.831306430527,130.728590184236,169.286448396616,225.434888547603,118.785689927493,191.3270205003,211.828174638346,169.329027653046,156.708108858116,195.408229585296,270.317901079316,334.096136170237,335.062076075968,558.052610643266,391.103599820583,465.738310169583,49.3361432062706
"47",635.831334596316,588.789810937967,529.048930012187,468.879834668368,434.160659587558,498.731978138263,557.928589615367,599.784274267346,569.338653070555,545.076772325561,502.145703380434,479.01383719752,462.49018717211,512.694905238331,449.949284099721,414.44125245628,361.709033141629,396.58034387998,390.412316455882,351.33950254851,324.074220230255,273.759949965936,211.891233540787,266.145101447231,209.302506681072,176.270358493778,144.341522475901,333.199685843609,299.358421698607,352.410017564069,312.457963127,274.610092048273,242.136454587419,327.884073802296,387.941563452676,456.346138807068,288.410363864894,311.865268123952,230.893730921357,204.680162551212,188.104251944966,98.9155490906263,160.903399331803,138.598529425002,142.080809396141,69.8656524318065,0,49.9370714138748,193.250401446814,161.155808746906,115.609631049638,99.2593731703557,96.0002973148885,43.5300543878944,53.8806458499997,120.363013770257,78.5958017268999,133.889767287532,118.921084518185,62.990760970681,99.4353397846907,155.569236139272,78.0871729086346,125.097281236477,156.110893895768,119.363244828447,122.841511553044,159.32757230053,224.750209744562,403.748789665411,404.927728403767,626.304800578602,460.177878844704,534.985405228736,95.0782667696563
"48",614.017000431914,563.636282478568,507.170664803726,445.52530655715,412.111455022293,472.092352024359,530.258494951141,570.814911019736,539.043329367432,512.302311580154,470.372961186137,443.979728037324,425.239900832561,474.344758557603,408.3326956778,374.43323815666,322.774739219886,366.683751960244,366.977287012201,333.089655552434,297.947281345447,257.549179576348,189.708524900487,233.509549075664,167.254367663573,140.100723943658,96.3992593860308,298.44626604981,260.185527701394,309.497319483203,269.08766325655,229.671450055779,198.067711592375,280.326942243075,338.729232081534,406.459788586877,239.010824538187,261.93065129995,181.141616971083,158.087293056547,138.279618025427,52.5362957994052,114.092921341754,105.006259932705,113.711673378277,49.2149386076904,49.9370714138748,0,187.330676763073,164.591495887663,134.219016391489,98.7086908606087,131.870612229127,77.1058085448183,101.712308967581,167.730729161916,128.511606138851,183.82618910656,165.852994680218,95.3192119957957,138.712711753896,194.226318485315,70.1239330457063,151.135817406933,164.686973779906,121.227510749149,107.622270782291,146.355441335947,221.147754634206,367.341306387842,371.153184606119,600.122984761533,431.771104753912,505.697356976623,48.4280837356653
"49",450.406180704384,409.555634404866,344.96950518613,288.649697720576,252.430114479167,324.762021507478,384.811568348186,428.924049619941,402.815426898987,387.045571463693,342.552227666803,332.574697855429,326.803742592365,378.817978752962,338.665948353901,297.354439650857,245.667908818162,237.167347179943,213.286190091776,165.843993539264,159.845262458238,89.4602991028564,67.2103019516069,140.695015433392,161.218079948819,121.667295689201,180.208873715743,200.984449332284,197.411913332489,262.460035546031,234.061850517025,218.660292341569,191.305656783886,283.364204285407,358.259178671465,457.685670111596,280.973278916385,322.301400880242,274.499204932818,291.525648650422,225.431439441842,219.085647302516,257.387333383551,281.847458081667,97.8752664137887,138.11686063263,193.250401446814,187.330676763073,0,43.0716862682963,101.055166314458,94.0211978975792,151.628358981568,159.672459330051,192.422439254963,213.572574966996,223.353819242934,260.176173452197,282.441016413267,255.456535853446,284.069822519963,336.293115217072,256.420309972802,317.63347639319,347.041579060698,306.106880332916,294.725118254756,333.367605470535,408.336090038268,269.440702596146,259.076127422325,448.543845712326,292.258845837751,366.672941666507,169.257298750401
"50",491.580771376316,451.93321167688,386.68352214314,331.136323623483,294.821222619127,367.693111492962,427.72463871908,471.900548534419,445.885581639285,429.951306442532,385.465652157668,374.627568648625,367.775359965608,419.875541937302,376.596606275975,335.668246419058,283.049406017611,279.827543633276,256.223844160879,207.976071682235,202.438343322125,132.359604862667,101.982738798794,176.624022623353,179.983041492975,136.427990953168,179.871006686983,240.087127087606,230.972256159715,295.688421282257,264.259198043805,243.517295655657,213.374931635218,308.403810053783,382.281710462813,477.353402582017,298.215813259743,337.223793692743,280.329086937923,288.568939284509,229.578610561008,204.063841329269,250.491204087959,265.640046008611,101.58467459936,116.974743399831,161.155808746906,164.591495887663,43.0716862682963,0,58.7958553592453,65.9465150902155,109.154800900833,123.461644981179,153.098160757975,170.596675705296,182.66486678385,217.533460093706,241.839979219069,221.464418510359,246.650615424558,297.32069717489,230.599493403896,283.086678835876,317.07832754012,278.242330875867,271.688449456449,310.382899986005,382.511914741323,309.801456746354,300.68480729665,491.036477093092,335.328289795843,409.735897109248,157.38508981217
"51",550.354612641597,510.542134274392,445.470794095737,389.67323942091,353.413025485212,425.670145386708,485.735510312435,529.730243811586,503.091665898092,485.791538485833,441.387863736631,428.084879803964,419.005561199531,471.085344134577,422.523365524383,382.511969252954,328.981995835925,335.081895416527,314.212651316924,266.661886661269,257.81956031575,190.479636455515,150.467048173232,222.663990037815,205.480438885071,161.223561600404,181.051268153731,289.113647093386,272.516888839825,335.501587950714,300.572177704306,273.470394742942,241.013428080859,336.808793660779,407.927103073803,495.667535407896,316.464215135873,351.331273243355,283.910196964452,279.862951034459,233.226763867282,182.436227599735,237.891895801686,239.221381570184,119.650254297805,95.9581311318018,115.609631049638,134.219016391489,101.055166314458,58.7958553592453,0,50.8566985111238,50.579482362128,73.1793543597024,96.5453999387151,113.25980865182,124.441040873781,159.149849194837,183.53950466969,170.889600240103,191.360524018675,240.188446514223,191.565856589812,230.895975729147,270.334797568073,234.965897052627,235.345221948739,273.16484502748,340.359180304188,360.217516668432,353.455301644013,549.575163689405,392.36902055584,467.094594132333,144.650397034
"52",539.448383623158,494.802936977677,433.011851790448,374.107400720287,338.686790770164,406.498188506207,466.31158064006,509.262037827719,480.480625835594,459.61127711382,415.69797858374,397.76822869559,385.546554250562,437.231390987744,383.404189386982,344.542683163643,290.738991036229,309.007992451168,296.295291137857,254.195776209497,233.420845597902,176.300981538966,120.855335109916,186.634019615596,157.513164306648,114.10312063819,130.575289357063,254.572072765668,231.559067064967,292.55078607157,255.942663468054,226.214230555468,193.267705645567,288.528981260824,358.596307933648,445.021707997924,266.028484163578,300.515544509425,233.517304779548,232.388335905435,182.685529774119,140.520063953091,191.684080253308,200.964900368988,71.9501780461287,52.1710432751888,99.2593731703557,98.7086908606087,94.0211978975792,65.9465150902155,50.8566985111238,0,84.9541455971829,69.0946592959393,106.219531772016,146.812177454253,139.859780795927,186.01609523921,197.081768714591,161.728079338969,192.592339023744,246.575793411969,165.00635215956,223.958461022126,253.490363026801,213.444462835495,205.753358969674,244.458097291641,317.101880860585,326.291502457274,322.794064635796,533.013520828757,370.051700750591,445.20823857259,97.4645922164086
"53",600.390816325603,561.058572024126,495.768263476583,440.215360757657,403.934328896332,476.232144470181,536.299446026138,580.265307945794,553.477519726131,535.698080010359,491.348160355638,476.991587106727,466.840285544552,518.812786305659,467.488839964015,428.144776724469,374.38935711947,384.868407906889,364.781332764242,317.127007705559,307.756175117339,241.059095994624,198.707664745221,268.981997858044,241.497841765815,198.741250378065,202.330117183135,336.300367652154,316.060909544166,377.467538781608,340.867061349739,310.396092158976,277.246210822801,371.750458343714,440.17731303946,521.844355291263,344.909986226412,376.171781238644,302.37892210008,288.440693974348,253.545388821463,184.226539031912,244.725476622305,232.873451745827,156.647257704189,110.11452962393,96.0002973148885,131.870612229127,151.628358981568,109.154800900833,50.579482362128,84.9541455971829,0,55.2373871675144,56.6461949707104,63.6644746119324,77.4958292899352,108.575041620532,135.58782772733,138.021985077683,149.70179493698,194.436331328606,173.643863161667,193.498345885176,239.658159644117,209.71833013147,218.434369306957,253.930099103764,313.968329881803,407.791881733336,402.167872325009,600.119509177445,442.730345723221,517.528399765675,158.137010514744
"54",608.11014631039,563.881424845856,501.818649474733,443.14990291643,407.653971670416,475.545656736966,535.322536813386,578.163482549596,549.106571657555,527.449932029666,483.744405893618,464.243296432742,450.43874531993,501.673992940508,443.874238816369,406.365562120917,352.771383659819,377.191455696693,365.387945477567,322.776412941521,302.146094457002,244.888351148982,189.316402175072,251.596223415121,207.939739176826,168.999991516962,156.306023822576,319.635761960436,291.684838085091,349.299570105279,310.645581504944,276.155447507759,242.891831848923,334.204363146843,399.161596617429,475.326258399947,301.433627528651,329.613346592311,252.611653549777,234.728031046378,205.554578629215,129.631148198084,190.811566399238,177.785019710246,129.358510776008,65.7378703150152,43.5300543878944,77.1058085448183,159.672459330051,123.461644981179,73.1793543597024,69.0946592959393,55.2373871675144,0,39.148213283697,96.1744494532085,73.3840452691737,124.82859419599,128.595084961249,98.4739933782818,124.439302592403,177.655459076664,121.40140077141,159.685243296679,197.162330860453,162.294884921727,166.034484612256,202.811884319648,267.6734691817,391.202980512052,389.398940352032,602.108017765474,438.830690589369,513.975340266535,108.864802237783
"55",642.582952634476,599.7860761849,536.709355211331,478.87536726453,443.095292354801,512.252066739257,572.161787480819,615.293330325578,586.681815747829,565.677678435309,521.838826786311,502.996315695166,489.471705823093,540.757168765765,482.951613197585,445.506512017841,391.918570396252,415.180132788808,401.592983185137,357.427614737307,339.612976770679,279.774021062939,227.057627435147,290.5545429464,246.235773040114,207.94688546892,190.442670658846,358.615171260043,330.789522883838,388.078547445166,349.214613024113,314.069306946521,280.891075894188,371.038085860607,434.456287994765,507.106683287145,335.830723697788,361.864701845868,282.442257186826,258.415885599463,237.566356603854,152.490025422548,214.554212023225,190.895109129104,168.503069561061,103.028166570912,53.8806458499997,101.712308967581,192.422439254963,153.098160757975,96.5453999387151,106.219531772016,56.6461949707104,39.148213283697,0,66.5045241693244,34.2510078037519,86.7636918166584,91.0288386792357,81.7973467904212,95.0130731742423,144.225956116749,124.748235426976,137.101488083859,183.373144659714,155.428697608166,168.770372599146,202.141930603509,258.529326011513,430.222376486852,428.100052702175,638.270880400513,476.201875502786,551.357529917565,141.574865329846
"56",659.383658015136,621.954140004333,555.710996679249,501.378652403388,464.980796878161,538.289687705509,598.318511458085,642.489291712563,616.208247000823,599.024707508835,554.633305449751,540.644350386239,530.439003206618,582.386837090455,530.187640464909,491.141316547246,437.349156506009,448.26458668268,426.820157565373,377.986043010082,371.050610165904,302.956234779735,262.372139235549,332.33834673792,300.38263797608,258.929289665995,252.479817119921,399.811007858505,378.362081484907,438.861934433384,401.477904892608,369.207881799704,335.89980435918,428.883113483797,494.97151255659,571.231568191942,397.557586537324,425.603489300542,347.555995462045,324.901562307801,301.394497261029,218.942880321366,281.01522796113,255.922543037069,217.25790469791,161.312974099478,120.363013770257,167.730729161916,213.572574966996,170.596675705296,113.25980865182,146.812177454253,63.6644746119324,96.1744494532085,66.5045241693244,0,53.4796740003243,49.3950974661405,92.8507409750829,133.15175443602,124.467398236232,154.497111200231,187.050489127198,173.319208909501,228.694322663407,209.453229303937,229.39307841674,259.605709914326,306.615614478362,471.356224734383,465.829936763372,661.205226217248,505.524312703559,580.146341994454,204.736321446294
"57",673.751552483056,632.001870068208,568.244302335556,511.033179275392,475.086865661743,545.059549644809,605.036874150162,648.354242799046,620.048718185322,599.468627740541,555.552815202455,537.100140455845,523.705423130048,575.004663188681,517.047723711107,479.70186640957,426.133847000234,448.85179114975,434.132285080025,388.988812994502,372.999069260764,311.637248797156,260.689432598646,324.765844917714,279.675758481858,241.941162515359,221.118167900751,392.831747106931,364.928322499608,421.869528689833,382.823836356451,347.144944177689,314.064250246524,403.183796756457,465.276172135067,534.94102670971,366.10486528795,390.393459512278,309.445133113514,280.991634744116,266.450704952614,176.314479748692,237.721653982497,206.630955458396,202.714502367603,136.232983441173,78.5958017268999,128.511606138851,223.353819242934,182.66486678385,124.441040873781,139.859780795927,77.4958292899352,73.3840452691737,34.2510078037519,53.4796740003243,0,55.3873660915891,59.1765948826662,79.7075257844918,75.4741150811361,116.941678278779,135.856257630318,122.942149590836,176.228396648815,155.981236711367,177.012792616819,206.334096576997,253.831750504679,464.452118333577,462.181387425742,670.65359626851,509.464596218822,584.604642132605,171.836314309865
"58",707.83510902057,669.446683467069,603.7379878073,548.669760778633,512.348400483956,584.804065213577,644.872185842963,688.814891295709,661.848846288133,643.401412416579,599.149443517927,583.280835520035,571.558636660283,623.242853670571,567.840357377848,529.721878274834,475.968506619939,492.505594171054,473.356064490503,425.455155567697,415.65826715087,349.622926562844,305.128030342009,372.63524078982,332.728635903774,293.579747460038,276.294264438562,440.587999035977,415.587012868566,474.008935563784,435.466493742289,400.754774352082,367.542411014544,457.735157697484,520.472691544538,590.166670528827,421.409629899453,445.744403879305,364.57430150013,334.553945925938,321.836253184107,230.806789110497,291.70284715737,256.713534906774,253.155786374418,189.756456751188,133.889767287532,183.82618910656,260.176173452197,217.533460093706,159.149849194837,186.01609523921,108.575041620532,124.82859419599,86.7636918166584,49.3950974661405,55.3873660915891,0,54.7507184688902,122.267925750523,97.6475867358018,112.839661311392,184.346596197644,145.464764693579,204.576704957793,194.532386108718,221.981084300453,246.694279952991,282.445763329641,512.306768064059,508.313634011815,708.569544029601,551.085586695169,625.96437367973,227.074413990453
"59",732.846730960612,690.690093084703,627.238271661367,569.749033087062,533.888555403949,603.280868074553,663.188621098124,706.290468431645,677.54092599679,656.035457277775,612.339044308533,592.424473036683,577.774674792184,628.633126839136,567.952577393735,531.69413257085,478.511759406409,505.771851300108,492.586825001608,447.957107873759,430.496544941817,370.475568013508,317.789609569157,379.440999474295,327.934776428515,293.10044504126,262.157136911597,447.328517969419,416.562747832805,471.01034540799,431.20780241543,393.530269957505,361.034118906232,446.083114974579,503.90475716661,565.497264765326,404.016764481258,423.747925677858,340.423261038023,303.513529997579,302.396531153401,205.266035752315,262.70643810602,219.483518694972,255.870791689043,185.831306430527,118.921084518185,165.852994680218,282.441016413267,241.839979219069,183.53950466969,197.081768714591,135.58782772733,128.595084961249,91.0288386792357,92.8507409750829,59.1765948826662,54.7507184688902,0,83.1014495452799,46.7861857744842,61.7045070420155,147.137006426826,91.8939987979701,151.646455112829,146.906440795892,179.019544777709,199.134843342125,228.94930314129,518.656673955897,517.684229117107,729.234008959029,567.132913594062,642.289608822773,213.329277273188
"60",698.727961982668,651.266071823116,591.917093060076,531.570538713478,496.978739541056,560.865197442474,619.849450054691,661.363896163049,630.46587499559,605.181825215949,562.659257165327,537.91114717834,519.972128548351,569.38485221407,503.626311699703,469.702826666282,417.861820511216,457.698605014965,453.041434712913,414.327119165677,386.140927463935,336.747003487097,274.415380176337,325.938389182232,262.573504397881,233.88781612369,189.630344186745,392.095066030886,355.269328139241,404.650278238789,364.173831481479,324.255878383385,293.076247827948,372.278601214875,426.189653405737,483.685488742255,326.445283846249,343.421027792233,259.544492239078,220.601103499507,224.627305089005,125.401405492115,180.416909579204,136.728205780361,202.742803101441,130.728590184236,62.990760970681,95.3192119957957,255.456535853446,221.464418510359,170.889600240103,161.728079338969,138.021985077683,98.4739933782818,81.7973467904212,133.15175443602,79.7075257844918,122.267925750523,83.1014495452799,0,44.8709915600556,99.0944752577951,64.1233841410597,62.233034860243,101.64014520544,76.3349694453536,99.7367737781677,126.801551497351,177.020167491063,461.75259176986,464.432350146209,688.601703789304,521.830068992431,596.428800458679,143.493584543068
"61",732.027518043109,686.564365996519,625.525952731942,566.181535990292,531.012384710388,597.145950973826,656.564775073892,698.708636638562,668.532967147351,644.5064217649,601.532990661854,578.334344884877,561.374737483497,611.257371135395,546.76470147681,512.216993020316,459.937797624183,495.82453576941,487.988729124329,446.786719531918,422.710740920059,368.88829742467,310.059379547247,365.561245763241,305.58084474674,274.982288829321,234.019415577793,432.485760411854,397.408641152439,448.161542580005,407.785569429441,368.282930398373,336.780374861447,417.017816789462,471.009308384145,527.232162469323,371.291720845161,387.804393999325,303.801722474623,262.987946181104,269.486786610759,170.153279149615,223.920328206298,176.343043464344,241.51539259174,169.286448396616,99.4353397846907,138.712711753896,284.069822519963,246.650615424558,191.360524018675,192.592339023744,149.70179493698,124.439302592403,95.0130731742423,124.467398236232,75.4741150811361,97.6475867358018,46.7861857744842,44.8709915600556,0,56.231690630645,105.514567049515,49.0428336486585,107.038996488684,100.187605873538,133.506199437344,152.368835919382,185.097434898001,502.80362756955,504.334871381381,724.405402350718,559.098715741277,634.021464802252,187.128315941919
"62",785.733042177696,741.264750768231,679.474029909243,620.659085039184,585.259695975915,652.302022062241,711.856371559439,754.209075892933,724.270717009046,700.557250631629,657.496187539506,634.542897870644,617.594314320287,667.430699280021,602.535145692644,568.24077431109,516.065667795912,551.63463680128,542.690186820196,500.397372655965,478.09657495715,422.525075927291,365.28619418997,421.713691077024,361.384147405959,331.201917442286,288.60471454216,488.701022827603,453.51599712641,503.692677855535,463.238382792552,423.339831558931,392.153666723353,470.576830011249,522.27278247832,573.472468220628,422.993957423394,436.973753181882,352.843325186357,307.915661147643,321.600059330092,221.862951146872,271.562064903338,218.366910220401,297.612631714829,225.434888547603,155.569236139272,194.226318485315,336.293115217072,297.32069717489,240.188446514223,246.575793411969,194.436331328606,177.655459076664,144.225956116749,154.497111200231,116.941678278779,112.839661311392,61.7045070420155,99.0944752577951,56.231690630645,0,152.729299875349,63.6847463554723,117.433195031316,131.137622995596,170.519557545389,178.749607083907,187.997555326498,559.0347793407,560.496964175558,779.305565906741,614.626516730213,689.624316374208,242.527405219914
"63",682.519905098489,630.940317104501,575.791837998046,513.774146098721,480.852481864981,538.91108378763,596.39749447731,636.107005284429,603.568861276737,575.086713926923,534.092873323707,505.101630966831,484.203419900709,531.709378356575,461.537138311577,430.372722332563,380.662480599103,432.140040646417,435.399940773885,402.819682455289,365.659520119317,327.599728454262,259.203634776512,298.328030687834,224.212976727607,204.299783321245,145.366898438131,360.908053640265,318.646083318605,361.629596150358,321.077490777918,279.371415175477,250.535292855604,321.23767317085,369.982842819656,422.04873633259,271.178452400798,284.255606294633,200.119038392152,157.473485469172,170.744158064881,72.2466162688818,119.079770701544,72.7328720210927,182.544687942368,118.785689927493,78.0871729086346,70.1239330457063,256.420309972802,230.599493403896,191.565856589812,165.00635215956,173.643863161667,121.40140077141,124.748235426976,187.050489127198,135.856257630318,184.346596197644,147.137006426826,64.1233841410597,105.514567049515,152.729299875349,0,96.1252859342675,95.6817957589894,51.3710963509639,44.7997068434844,81.6424145849123,152.14966793523,427.62844388317,433.830391228566,666.884168137451,497.801061279474,570.968458557096,108.05225313797
"64",760.384813399907,712.231723419616,653.526465673225,592.886402580903,558.512346728958,621.414180389999,680.105715604201,721.188557523369,689.790984821915,663.421426604891,621.38080837489,595.017817889137,575.737215834013,624.259996454606,555.872771034636,523.550994595479,472.746777721907,517.192048137554,514.294691578148,476.294492430272,446.745479410635,398.811446992564,335.666988689056,384.464458306844,316.32398744367,291.236269821196,239.468190232463,449.571363355721,410.279266318186,456.152951115548,415.54749447208,374.330291367409,344.599561337845,417.355009068612,465.235209854783,512.135925010184,366.914925036547,378.023938893844,294.182324395865,246.632933948598,266.848975296832,168.097019254632,212.360854377642,156.41908798212,262.59074064071,191.3270205003,125.097281236477,151.135817406933,317.63347639319,283.086678835876,230.895975729147,223.958461022126,193.498345885176,159.685243296679,137.101488083859,173.319208909501,122.942149590836,145.464764693579,91.8939987979701,62.233034860243,49.0428336486585,63.6847463554723,96.1252859342675,0,59.9279506326734,67.5438731894151,107.489773005123,115.593357364719,137.099216227535,518.176967227516,522.288703349804,749.309200922081,581.835753718676,656.137617581924,197.256564608044
"65",778.161150005139,726.576088836076,671.405353270769,609.440264933554,576.429259478064,634.480370820488,691.792488995301,731.2146216932,698.39862065987,669.155697632249,628.641716432548,598.435036745881,576.392838109749,622.768834493486,550.17962512779,520.976960341111,472.677032378217,527.419398840307,531.03922416745,497.756259053414,461.341224010956,421.879444750286,354.376205577255,393.582483054989,317.091819149698,299.635000727873,237.093727522199,455.22170037923,411.328493536527,450.369882269788,410.183858508418,367.734418072272,340.931170080864,402.922771606314,442.751568640538,478.411227374777,347.857340982221,352.288000747447,270.871709399841,216.979952843409,253.167138457234,162.394557729358,190.653939163313,128.810028200512,278.00438965452,211.828174638346,156.110893895768,164.686973779906,347.041579060698,317.07832754012,270.334797568073,253.490363026801,239.658159644117,197.162330860453,183.373144659714,228.694322663407,176.228396648815,204.576704957793,151.646455112829,101.64014520544,107.038996488684,117.433195031316,95.6817957589894,59.9279506326734,0,44.8716090751886,79.5123954630557,68.05518500358,78.1815748135618,520.72790107899,528.067193659525,762.419267060597,593.202431147545,666.100430298916,203.413524795665
"66",733.774470578573,681.884020020828,627.077652520079,564.99125658075,532.166414352271,589.730034799972,646.966654468803,686.347287502727,653.52875413613,624.356105610774,583.786835549173,553.751504028644,531.946028895417,578.610485402668,506.663240934211,476.904538042224,428.242578109584,482.573785757387,486.664784490541,454.157962059614,416.79418311318,378.775577689003,310.566316689476,348.738972148569,272.420850002463,254.817596946251,192.547163850847,410.380563153918,366.732741512794,406.761151604899,366.440761565568,324.145516676628,296.793214205818,361.394092459805,404.371326252718,446.364516747197,307.812852432865,315.26612787643,232.358028080446,181.609743264551,210.904172078981,117.879193255251,150.860277475497,91.2801780881446,233.910121475882,169.329027653046,119.363244828447,121.227510749149,306.106880332916,278.242330875867,234.965897052627,213.444462835495,209.71833013147,162.294884921727,155.428697608166,209.453229303937,155.981236711367,194.532386108718,146.906440795892,76.3349694453536,100.187605873538,131.137622995596,51.3710963509639,67.5438731894151,44.8716090751886,0,40.963374543888,52.3253565313244,105.40308641743,476.07782982591,483.238784396214,717.644621430309,548.380938945161,621.235218311819,158.632068626587
"67",709.866170461806,656.072785313329,603.635841663219,541.016817050242,509.251610606502,563.518926274009,619.741667745654,658.081379622807,624.596053403971,594.019642541637,554.367597748039,522.48028391513,499.426158130202,544.999367289209,471.472879106244,443.102883511795,395.786314167472,455.259674262003,463.302254682054,434.24908142362,392.639485683566,360.933263306856,290.718404097671,321.891815154978,241.688899602767,229.058935086995,161.540420704751,380.966942541088,335.196789816239,371.83210400141,331.864867444561,289.260531948473,263.462618106648,323.410460613035,364.320883040647,405.431306316638,268.59740484622,274.722698427649,192.257795803748,140.684081240815,173.84008463741,87.991520074692,111.345048753928,50.496951392879,213.691884557403,156.708108858116,122.841511553044,107.622270782291,294.725118254756,271.688449456449,235.345221948739,205.753358969674,218.434369306957,166.034484612256,168.770372599146,229.39307841674,177.012792616819,221.981084300453,179.019544777709,99.7367737781677,133.506199437344,170.519557545389,44.7997068434844,107.489773005123,79.5123954630557,40.963374543888,0,38.7415024863062,115.406366746777,444.677640761075,453.46033765225,691.006876847259,521.370549467838,593.13842859117,134.969298296812
"68",744.766821620641,689.990445122808,638.862117919644,576.059204024809,544.834206568264,597.313527627547,652.825184257087,690.402678205498,656.468468389856,624.80824986577,585.974231245773,552.572697267925,528.349523331385,572.615467315854,497.271110887214,470.768658558464,425.092525443482,488.56366110869,498.752156339958,471.096670212592,427.858615724906,398.489198903569,327.869456571738,355.887941787086,273.439217312996,264.137332231231,193.999813635154,413.008044438376,365.653480210786,398.365079248377,359.064446863989,316.339650789984,292.587996870285,345.123979314093,379.784274977552,411.073829527235,287.695735236697,288.305187966418,209.263577120409,152.74614337001,199.057221321505,122.982335149452,132.883131229694,71.2592856045986,251.009863005254,195.408229585296,159.32757230053,146.355441335947,333.367605470535,310.382899986005,273.16484502748,244.458097291641,253.930099103764,202.811884319648,202.141930603509,259.605709914326,206.334096576997,246.694279952991,199.134843342125,126.801551497351,152.368835919382,178.749607083907,81.6424145849123,115.593357364719,68.05518500358,52.3253565313244,38.7415024863062,0,78.9704680816507,474.8458149932,484.99852292815,724.386991286465,554.738526666284,625.665819095759,171.798461085177
"69",823.728809753761,768.795110855645,717.831427028703,655.029182272776,623.773812895048,676.10026562257,731.374183749265,768.617399506209,734.475071241226,702.221665274337,663.880175079163,629.612818921309,604.619438645724,647.80539325047,571.088589367022,546.208511779279,501.812891559135,567.237797882515,577.704596342881,549.570388942656,506.8244557621,476.31569254572,406.105519147366,434.773864566369,351.756324795822,343.099892053106,272.699797993866,491.254728880981,443.187084596871,473.135346845049,434.504463085097,391.888421201798,369.573536506993,415.95016080738,443.512618008334,461.172714995844,356.614976672509,351.265984502099,277.73116561778,218.824467330373,274.311617667131,201.887959174278,207.249192416569,148.186294198229,329.093696159003,270.317901079316,224.750209744562,221.147754634206,408.336090038268,382.511914741323,340.359180304188,317.101880860585,313.968329881803,267.6734691817,258.529326011513,306.615614478362,253.831750504679,282.445763329641,228.94930314129,177.020167491063,185.097434898001,187.997555326498,152.14966793523,137.099216227535,78.1815748135618,105.40308641743,115.406366746777,78.9704680816507,0,552.030411025399,562.943864206499,803.026500681107,633.411771274849,703.99781364457,250.209421470371
"70",298.375651644702,234.088969538809,208.891882875668,155.404370051963,149.116422683093,148.299999803059,190.172092682386,220.822162413534,185.147346164566,150.317255701043,114.834678993347,77.8034963074651,59.2742368557067,111.034883518586,80.9828023909324,44.5827098752697,51.5901464958813,67.0908058405236,124.963921976684,165.144828037107,118.337214100067,195.247631232411,209.78870307333,139.759190235794,203.658118991148,227.920778867138,283.673411855404,71.721672303064,109.491119045986,94.5834305233432,123.063230388388,163.15354243107,182.459330888831,171.031989117148,215.868372523847,319.82281820546,225.760208714394,260.472607892456,290.921097712635,346.471565904152,278.812741589976,358.35113655931,345.699567769274,404.011104754333,262.821207111815,334.096136170237,403.748789665411,367.341306387842,269.440702596146,309.801456746354,360.217516668432,326.291502457274,407.791881733336,391.202980512052,430.222376486852,471.356224734383,464.452118333577,512.306768064059,518.656673955897,461.75259176986,502.80362756955,559.0347793407,427.62844388317,518.176967227516,520.72790107899,476.07782982591,444.677640761075,474.8458149932,552.030411025399,0,28.7445131747649,261.49339846989,106.417564752192,159.429281005999,321.088441798647
"71",276.59236175897,213.845828719022,183.349901471571,127.823752852003,120.380283860474,124.80757108589,171.690457841354,206.029442886501,171.535187394733,141.291526146947,100.977615834513,74.9799574546767,69.3460192553636,120.451214635534,106.749137020714,72.99688250636,71.6063869830965,39.2930237909306,97.5434172124616,141.100006911377,101.902673050687,179.62935620107,203.477155158616,138.787508979341,211.800798741074,231.052476480754,291.921988947646,72.9258467455427,120.339182606037,118.46624789092,141.94513982404,179.346975350024,194.700860303453,194.617005537482,243.155306306465,347.949957129742,246.754863282468,283.360425165402,308.119280990827,362.029232088225,291.915321911052,366.172512287565,358.132666269051,414.762696392369,262.956534543168,335.062076075968,404.927728403767,371.153184606119,259.076127422325,300.68480729665,353.455301644013,322.794064635796,402.167872325009,389.398940352032,428.100052702175,465.829936763372,462.181387425742,508.313634011815,517.684229117107,464.432350146209,504.334871381381,560.496964175558,433.830391228566,522.288703349804,528.067193659525,483.238784396214,453.46033765225,484.99852292815,562.943864206499,28.7445131747649,0,243.73538470604,81.4222777343093,142.283557089718,326.234764522084
"72",62.7558800233317,39.6710545613704,110.099809971461,159.904346949245,196.237288596588,128.033830243305,72.114461686571,48.830189932493,82.8890483500306,125.810988891598,147.549220756816,193.28586093882,226.684914638613,213.748568255692,287.064407798064,286.107095680593,312.751906229028,235.830251932464,236.730851884171,283.219267897866,302.563772530842,359.304417149442,414.460472020304,369.213629603418,451.488166072244,462.868265599529,530.387591087148,312.642710226274,363.495110719208,354.81265916217,384.300646727173,422.973604028103,437.750633595368,430.334767773858,461.412434061962,551.710247642314,486.98573787686,519.887127552187,551.618453540598,605.748756676759,534.94902645453,603.028274062124,600.514511723015,655.282037004117,486.907197703767,558.052610643266,626.304800578602,600.122984761533,448.543845712326,491.036477093092,549.575163689405,533.013520828757,600.119509177445,602.108017765474,638.270880400513,661.205226217248,670.65359626851,708.569544029601,729.234008959029,688.601703789304,724.405402350718,779.305565906741,666.884168137451,749.309200922081,762.419267060597,717.644621430309,691.006876847259,724.386991286465,803.026500681107,261.49339846989,243.73538470604,0,169.664465250549,102.066897849709,559.014210260567
"73",196.396697007293,136.084576561727,102.474502131086,54.5572377752261,68.0261946453095,44.1235128896235,98.5964882489815,139.613721044217,110.764934642944,98.6767390716615,56.3023624356687,79.5712194580675,104.994586114213,135.012035474419,165.876101335061,144.652696437447,152.988252364565,66.1757028438111,82.6296059577552,137.438647904261,136.689227836535,203.720940748886,249.582964061214,199.705878608342,282.064416370113,293.567434630805,360.743138600518,144.157655729869,196.368558312383,199.737502839686,222.556704434221,258.143346683621,269.955563747799,276.008089192463,321.892028043743,424.15798786322,327.783911744113,364.769382522266,386.774804957294,438.994904963901,366.793590573608,433.40273189878,431.704219802789,485.776764591791,319.272131969549,391.103599820583,460.177878844704,431.771104753912,292.258845837751,335.328289795843,392.36902055584,370.051700750591,442.730345723221,438.830690589369,476.201875502786,505.524312703559,509.464596218822,551.085586695169,567.132913594062,521.830068992431,559.098715741277,614.626516730213,497.801061279474,581.835753718676,593.202431147545,548.380938945161,521.370549467838,554.738526666284,633.411771274849,106.417564752192,81.4222777343093,169.664465250549,0,75.1568394917967,389.806051895603
"74",144.275236087434,77.7459771091203,89.7332719169182,92.9583772061438,125.525616578605,47.4832658146292,31.6892163208022,65.1462518990459,36.455515677889,47.4354183789175,46.4896030033007,94.3732300405854,128.379990266755,128.456803283933,191.374661366897,185.625822648353,210.701296389047,139.014333356665,154.466227017375,207.581965427918,211.829266751974,277.666172181619,324.70461480818,272.65671756725,352.256429639952,366.694343215209,431.856214534443,212.757646921752,262.505960254012,252.973320509139,282.259550248506,321.185045555242,336.871317400668,328.775267835364,363.107606808348,457.669609967218,385.005231209909,418.391267372202,449.713679668173,504.207738346343,434.111765010792,505.341141325876,500.118154542976,555.938757008005,393.730364125689,465.738310169583,534.985405228736,505.697356976623,366.672941666507,409.735897109248,467.094594132333,445.20823857259,517.528399765675,513.975340266535,551.357529917565,580.146341994454,584.604642132605,625.96437367973,642.289608822773,596.428800458679,634.021464802252,689.624316374208,570.968458557096,656.137617581924,666.100430298916,621.235218311819,593.13842859117,625.665819095759,703.99781364457,159.429281005999,142.283557089718,102.066897849709,75.1568394917967,0,462.916997814838
"75",575.784580770275,523.295623762261,469.293977921474,406.912035318829,374.658064047755,431.100132848279,488.400702327058,528.05645341361,495.580966419314,467.526266693684,426.243705421349,398.198785206491,378.487105793109,427.095131496619,360.178923943707,326.731314472186,275.538767039719,324.096555474779,328.858522869565,299.367361877953,258.546571152743,226.964365534449,156.08290770666,190.276985743768,119.376566332152,96.2573616346604,49.3495253279276,253.323204476423,213.034548782401,261.166353244475,220.717642042572,181.258230563044,149.66378775565,232.868655998549,293.441428317142,366.512532929831,194.3764906614,220.869391162643,144.343569239326,135.288189992319,96.6969516881092,50.6101775887576,94.2368073803731,113.195812495436,79.425050559997,49.3361432062706,95.0782667696563,48.4280837356653,169.257298750401,157.38508981217,144.650397034,97.4645922164086,158.137010514744,108.864802237783,141.574865329846,204.736321446294,171.836314309865,227.074413990453,213.329277273188,143.493584543068,187.128315941919,242.527405219914,108.05225313797,197.256564608044,203.413524795665,158.632068626587,134.969298296812,171.798461085177,250.209421470371,321.088441798647,326.234764522084,559.014210260567,389.806051895603,462.916997814838,0
