,V1,V2,V3,V4,V5,V6,V7,V8,V9,V10,V11,V12,V13,V14,V15,V16,V17,V18,V19,V20,V21,V22,V23,V24,V25,V26,V27,V28,V29,V30,V31,V32,V33,V34,V35,V36,V37,V38,V39,V40,V41,V42,V43,V44,V45,V46,V47,V48,V49,V50,V51,V52,V53,V54,V55,V56,V57,V58,V59,V60,V61,V62,V63,V64,V65,V66,V67,V68,V69,V70,V71,V72,V73,V74,V75
1,0,66.61239061,106.9009344,168.8795959,201.998789,152.2854009,112.8206035,108.1182878,136.9004426,179.069917,190.4506325,238.6292607,272.6404799,267.6349089,335.5311753,328.7892008,347.9137222,260.4694071,247.1219897,285.3363841,317.2786835,363.2232677,424.9891149,389.3129187,474.9909871,480.8326392,551.6634711,339.7589971,392.4809234,392.9562962,418.4926973,454.5387846,465.4940706,469.3767711,507.0747385,601.7766055,523.2769391,558.8473717,583.1269816,634.7901244,561.7314889,622.1179996,625.5637936,677.3786453,500.3251574,569.4962159,635.8313346,614.0170004,450.4061807,491.5807714,550.3546126,539.4483836,600.3908163,608.1101463,642.5829526,659.383658,673.7515525,707.835109,732.846731,698.727962,732.027518,785.7330422,682.5199051,760.3848134,778.16115,733.7744706,709.8661705,744.7668216,823.7288098,298.3756516,276.5923618,62.75588002,196.396697,144.2752361,575.7845808
2,66.61239061,0,70.90516533,120.9773111,157.129755,92.71558313,46.21164669,53.51471951,73.29625698,113.876408,124.0833369,172.1185694,206.1232568,201.962883,268.9202942,262.8791597,284.4633495,201.9465603,198.5866232,244.0032823,265.7171403,320.4612451,376.9014257,334.211684,417.9127557,427.3762199,496.1101758,280.1996678,332.0740823,328.483654,355.6316839,392.9641369,405.9254582,404.7217502,440.7863286,535.1653317,459.7080548,494.3208444,521.7710364,574.7546289,502.853746,568.0885321,567.7665863,621.4417899,450.1584934,520.9068717,588.7898109,563.6362825,409.5556344,451.9332117,510.5421343,494.802937,561.058572,563.8814248,599.7860762,621.95414,632.0018701,669.4466835,690.6900931,651.2660718,686.564366,741.2647508,630.9403171,712.2317234,726.5760888,681.88402,656.0727853,689.9904451,768.7951109,234.0889695,213.8458287,39.67105456,136.0845766,77.74597711,523.2956238
3,106.9009344,70.90516533,0,63.06581499,95.09981039,63.70741863,75.49489545,113.007267,111.9460164,137.1616334,122.311391,167.440998,199.2291183,213.0069724,262.9387828,246.1298367,254.5036323,160.1429161,140.4471003,179.2902254,211.027077,257.0075068,318.0885952,284.2685997,370.8735072,374.749042,446.36148,239.1802583,292.417597,301.8141539,322.5180454,355.7084823,363.7704697,377.8312648,424.1878693,525.4536576,428.0036903,466.0719555,483.1878347,532.909378,458.8427108,516.0420794,521.560033,572.0797829,393.497714,462.5980351,529.04893,507.1706648,344.9695052,386.6835221,445.4707941,433.0118518,495.7682635,501.8186495,536.7093552,555.7109967,568.2443023,603.7379878,627.2382717,591.9170931,625.5259527,679.4740299,575.791838,653.5264657,671.4053533,627.0776525,603.6358417,638.8621179,717.831427,208.8918829,183.3499015,110.09981,102.4745021,89.73327192,469.2939779
4,168.8795959,120.9773111,63.06581499,0,36.46589694,45.56770347,100.3671329,145.2377062,127.6844659,133.1669319,99.74570922,133.053757,159.5500016,186.9222606,220.0237861,196.4655677,196.9638257,99.54549714,78.62222864,123.4562418,148.4007694,199.4880622,257.2210818,221.212527,307.8314941,312.0181612,383.3591935,177.4994633,230.7179976,245.0228305,262.7049595,294.3297199,301.2578318,320.0471593,370.9696614,475.1369628,368.0167525,407.1573219,421.1170771,470.2177981,395.9585295,453.3190301,458.5109881,509.0874616,331.8155668,401.658131,468.8798347,445.5253066,288.6496977,331.1363236,389.6732394,374.1074007,440.2153608,443.1499029,478.8753673,501.3786524,511.0331793,548.6697608,569.7490331,531.5705387,566.181536,620.659085,513.7741461,592.8864026,609.4402649,564.9912566,541.0168171,576.059204,655.0291823,155.4043701,127.8237529,159.9043469,54.55723778,92.95837721,406.9120353
5,201.998789,157.129755,95.09981039,36.46589694,0,78.48866257,136.1391885,181.0485667,161.3461835,161.249529,122.5562401,145.8859813,166.7402722,202.1898122,222.1036884,192.8983684,183.5187669,84.8434364,46.22256258,87.01513433,117.301968,163.4530121,222.9986057,192.2809075,279.7358844,280.7455023,353.2920336,156.3813037,208.6884745,231.658372,244.3115642,272.4772311,276.1953022,304.3051916,360.5225866,467.0070201,348.4352584,389.1161805,396.9388826,443.9294512,368.9208159,421.8903542,429.9768419,478.816718,298.4661261,367.5150663,434.1606596,412.111455,252.4301145,294.8212226,353.4130255,338.6867908,403.9343289,407.6539717,443.0952924,464.9807969,475.0868657,512.3484005,533.8885554,496.9787395,531.0123847,585.259696,480.8524819,558.5123467,576.4292595,532.1664144,509.2516106,544.8342066,623.7738129,149.1164227,120.3802839,196.2372886,68.02619465,125.5256166,374.658064
6,152.2854009,92.71558313,63.70741863,45.56770347,78.48866257,0,60.07067843,104.3384011,82.88183474,88.72544267,61.55126105,104.1587064,135.5505292,152.5443503,199.2323279,183.4459703,196.3881244,109.3272247,111.4759087,162.6136285,174.7252694,235.3341093,287.0868022,241.6273831,325.2312999,335.0306009,403.4077996,188.0476061,240.4368438,242.5071006,266.4381675,302.2620529,313.8813275,318.9415364,362.1247227,462.313368,371.5156282,408.0159663,430.897737,483.0103947,410.5830049,475.5278585,475.2283032,528.7266661,358.9316761,430.2301278,498.7319781,472.092352,324.7620215,367.6931115,425.6701454,406.4981885,476.2321445,475.5456567,512.2520667,538.2896877,545.0595496,584.8040652,603.2808681,560.8651974,597.145951,652.3020221,538.9110838,621.4141804,634.4803708,589.7300348,563.5189263,597.3135276,676.1002656,148.2999998,124.8075711,128.0338302,44.12351289,47.48326581,431.1001328
7,112.8206035,46.21164669,75.49489545,100.3671329,136.1391885,60.07067843,0,44.91092661,36.81601683,70.54518143,78.17238413,125.9833837,159.9735756,157.0590592,222.7105907,217.2696072,241.1629699,164.5099875,171.5292235,221.9700609,233.8748806,295.3709913,346.5710587,298.2590238,379.7018787,392.1582003,458.8427128,240.6438532,291.3809982,284.1095437,312.6417932,350.9969032,365.6436319,360.0795006,394.7833974,488.9659275,415.9143651,449.7063276,479.7057499,533.6664459,462.84992,531.8056272,528.4812315,583.5123153,417.5159291,489.1366739,557.9285896,530.258495,384.8115683,427.7246387,485.7355103,466.3115806,536.299446,535.3225368,572.1617875,598.3185115,605.0368742,644.8721858,663.1886211,619.8494501,656.5647751,711.8563716,596.3974945,680.1057156,691.792489,646.9666545,619.7416677,652.8251843,731.3741837,190.1720927,171.6904578,72.11446169,98.59648825,31.68921632,488.4007023
8,108.1182878,53.51471951,113.007267,145.2377062,181.0485667,104.3384011,44.91092661,0,36.34303074,78.17568049,106.0310566,148.7169013,181.2845111,165.2681227,240.0724755,241.8022297,272.4095107,204.1422193,215.6973625,266.7232625,276.1525547,339.5503964,389.0491198,337.801147,416.963461,431.8382799,496.7121744,277.3961537,326.3554159,312.3653106,343.8388252,383.7456985,400.6963368,386.976441,414.9737133,503.7132952,444.7939368,476.239751,511.741665,567.051533,497.867215,570.3355447,564.1618494,620.4910928,458.7150214,530.6490281,599.7842743,570.814911,428.9240496,471.9005485,529.7302438,509.2620378,580.2653079,578.1634825,615.2933303,642.4892917,648.3542428,688.8148913,706.2904684,661.3638962,698.7086366,754.2090759,636.1070053,721.1885575,731.2146217,686.3472875,658.0813796,690.4026782,768.6173995,220.8221624,206.0294429,48.83018993,139.613721,65.1462519,528.0564534
9,136.9004426,73.29625698,111.9460164,127.6844659,161.3461835,82.88183474,36.81601683,36.34303074,0,43.00221269,70.74238776,112.3787094,144.9886017,131.46114,204.3295653,205.459773,236.7270528,172.7827025,190.8886429,244.0210367,247.0704672,313.9294145,359.790282,305.6026095,383.1171786,399.5225363,463.0906861,243.633258,291.6506498,276.1708218,308.0363998,348.2456186,365.8913757,350.6605181,379.0061273,468.8469111,408.5940936,439.9030642,475.9807884,531.5793569,462.9450658,537.034133,529.4384381,586.2962264,427.7258576,499.8872621,569.3386531,539.0433294,402.8154269,445.8855816,503.0916659,480.4806258,553.4775197,549.1065717,586.6818157,616.208247,620.0487182,661.8488463,677.540926,630.465875,668.5329671,724.270717,603.5688613,689.7909848,698.3986207,653.5287541,624.5960534,656.4684684,734.4750712,185.1473462,171.5351874,82.88904835,110.7649346,36.45551568,495.5809664
10,179.069917,113.876408,137.1616334,133.1669319,161.249529,88.72544267,70.54518143,78.17568049,43.00221269,0,44.49708162,73.79502571,104.4754295,88.65589759,161.9186397,165.7426957,201.3259996,150.8961164,181.191181,236.0936092,227.9743708,299.9287694,338.8555987,279.2434436,352.3899216,372.2209631,432.5911285,214.2106272,259.1548545,237.9965355,271.7447122,312.9477187,332.7041466,311.2363578,336.9169105,425.8998764,370.0942154,400.0191646,439.4375026,495.9601282,429.1170795,507.0572896,496.0167025,554.1239445,403.0000763,475.269728,545.0767723,512.3023116,387.0455715,429.9513064,485.7915385,459.6112771,535.69808,527.449932,565.6776784,599.0247075,599.4686277,643.4014124,656.0354573,605.1818252,644.5064218,700.5572506,575.0867139,663.4214266,669.1556976,624.3561056,594.0196425,624.8082499,702.2216653,150.3172557,141.2915261,125.8109889,98.67673907,47.43541838,467.5262667
11,190.4506325,124.0833369,122.311391,99.74570922,122.5562401,61.55126105,78.17238413,106.0310566,70.74238776,44.49708162,0,48.41240867,82.35302168,91.14287041,145.9567309,139.1675867,166.4080968,106.733416,137.8532741,192.8616847,183.5944063,255.4907239,294.8715608,236.9190552,312.749438,330.4701171,392.8285403,173.4819972,220.9322022,207.3249126,237.8910122,277.720689,295.1527032,282.7940558,316.7030151,412.1012777,339.6218485,372.3658023,405.7476485,461.037057,392.2039486,466.9641645,458.7028375,515.6944349,360.1477836,432.4291817,502.1457034,470.3729612,342.5522277,385.4656522,441.3878637,415.6979786,491.3481604,483.7444059,521.8388268,554.6333054,555.5528152,599.1494435,612.3390443,562.6592572,601.5329907,657.4961875,534.0928733,621.3808084,628.6417164,583.7868355,554.3675977,585.9742312,663.8801751,114.834679,100.9776158,147.5492208,56.30236244,46.489603,426.2437054
12,238.6292607,172.1185694,167.440998,133.053757,145.8859813,104.1587064,125.9833837,148.7169013,112.3787094,73.79502571,48.41240867,0,34.01141241,56.64239193,97.59010894,93.10098264,127.9933477,98.08976941,146.0784812,198.913928,173.3473283,250.0368942,278.3543632,213.1338169,281.3432811,304.0801786,361.4227308,145.8647928,187.2880671,164.3586786,198.0103443,239.4125775,260.066857,238.3211016,268.902022,363.688896,296.6377803,327.5243885,365.6451385,422.2561782,355.9950674,436.0816423,423.0057417,481.674137,337.2710564,409.1762088,479.0138372,443.979728,332.5746979,374.6275686,428.0848798,397.7682287,476.9915871,464.2432964,502.9963157,540.6443504,537.1001405,583.2808355,592.424473,537.9111472,578.3343449,634.5428979,505.101631,595.0178179,598.4350367,553.751504,522.4802839,552.5726973,629.6128189,77.80349631,74.97995745,193.2858609,79.57121946,94.37323004,398.1987852
13,272.6404799,206.1232568,199.2291183,159.5500016,166.7402722,135.5505292,159.9735756,181.2845111,144.9886017,104.4754295,82.35302168,34.01141241,0,52.1219738,64.06877307,61.44192942,103.7163887,103.0505618,158.0578199,207.171447,171.1637753,248.9062524,268.5391372,199.0333971,260.0000494,286.3926975,339.4129444,130.9889762,165.6068892,134.7064122,170.6845589,212.9478015,236.0176317,206.8427789,235.0431682,329.8068391,266.1026785,295.5441892,337.051327,394.4697301,330.3724269,414.0685393,397.4858638,457.1920349,321.9074951,392.9530338,462.4901872,425.2399008,326.8037426,367.77536,419.0055612,385.5465543,466.8402855,450.4387453,489.4717058,530.4390032,523.7054231,571.5586367,577.7746748,519.9721285,561.3747375,617.5943143,484.2034199,575.7372158,576.3928381,531.9460289,499.4261581,528.3495233,604.6194386,59.27423686,69.34601926,226.6849146,104.9945861,128.3799903,378.4871058
14,267.6349089,201.962883,213.0069724,186.9222606,202.1898122,152.5443503,157.0590592,165.2681227,131.46114,88.65589759,91.14287041,56.64239193,52.1219738,0,81.719809,101.9127035,151.5799416,150.8563349,201.9916262,253.845538,222.29028,299.9525254,320.6189412,250.6118814,307.9627986,336.4294848,386.4464595,182.6909614,214.160073,174.7277253,213.5510208,256.2763453,281.84155,240.4187531,254.8898283,338.8500937,301.3284983,326.035854,375.7917081,434.2855253,373.7169411,460.8334429,440.6147501,501.3561871,372.8107301,443.3931475,512.6949052,474.3447586,378.8179788,419.8755419,471.0853441,437.231391,518.8127863,501.6739929,540.7571688,582.3868371,575.0046632,623.2428537,628.6331268,569.3848522,611.2573711,667.4306993,531.7093784,624.2599965,622.7688345,578.6104854,544.9993673,572.6154673,647.8053933,111.0348835,120.4512146,213.7485683,135.0120355,128.4568033,427.0951315
15,335.5311753,268.9202942,262.9387828,220.0237861,222.1036884,199.2323279,222.7105907,240.0724755,204.3295653,161.9186397,145.9567309,97.59010894,64.06877307,81.719809,0,41.63591298,93.67413073,145.9951135,204.2307909,246.1275014,196.7699513,271.6570947,274.666124,200.3434434,241.1838707,275.2124468,316.4611833,138.2328461,152.2561538,99.94550728,140.459836,182.5185696,211.2733379,159.5296942,175.1619867,266.2953964,220.6695375,244.3408267,296.4786941,355.4136896,298.3357134,389.6914977,364.5457746,426.160157,314.7185785,382.2057791,449.9492841,408.3326957,338.6659484,376.5966063,422.5233655,383.4041894,467.48884,443.8742388,482.9516132,530.1876405,517.0477237,567.8403574,567.9525774,503.6263117,546.7647015,602.5351457,461.5371383,555.872771,550.1796251,506.6632409,471.4728791,497.2711109,571.0885894,80.98280239,106.749137,287.0644078,165.8761013,191.3746614,360.1789239
16,328.7892008,262.8791597,246.1298367,196.4655677,192.8983684,183.4459703,217.2696072,241.8022297,205.459773,165.7426957,139.1675867,93.10098264,61.44192942,101.9127035,41.63591298,0,53.80369474,111.6735017,169.4578072,207.7569976,155.8856482,230.1736305,233.8601571,159.9224913,207.3592382,238.5961754,285.0159614,96.66618317,115.1460887,73.89304304,111.7422125,154.4454382,180.1159482,145.4951665,178.9542063,279.5247749,204.6745063,234.4775799,276.2826659,334.1269744,271.9779082,359.2172278,338.9655612,399.5112579,277.0090356,345.8852771,414.4412525,374.4332382,297.3544397,335.6682464,382.5119693,344.5426832,428.1447767,406.3655621,445.506512,491.1413165,479.7018664,529.7218783,531.6941326,469.7028267,512.216993,568.2407743,430.3727223,523.5509946,520.9769603,476.904538,443.1028835,470.7686586,546.2085118,44.58270988,72.99688251,286.1070957,144.6526964,185.6258226,326.7313145
17,347.9137222,284.4633495,254.5036323,196.9638257,183.5187669,196.3881244,241.1629699,272.4095107,236.7270528,201.3259996,166.4080968,127.9933477,103.7163887,151.5799416,93.67413073,53.80369474,0,98.97494801,149.350131,175.7209229,115.6499067,184.1799223,181.0789307,106.6703737,156.5678684,185.5468198,235.7254067,48.61682386,62.59418889,48.25540898,71.56655257,111.6921324,132.5300684,123.3636189,177.3701412,284.9874507,175.3766689,211.785273,239.3395979,294.9522277,228.0079071,310.3635242,295.0403945,354.044746,223.4193447,292.8056566,361.7090331,322.7747392,245.6679088,283.049406,328.9819958,290.738991,374.3893571,352.7713837,391.9185704,437.3491565,426.133847,475.9685066,478.5117594,417.8618205,459.9377976,516.0656678,380.6624806,472.7467777,472.6770324,428.2425781,395.7863142,425.0925254,501.8128916,51.5901465,71.60638698,312.7519062,152.9882524,210.7012964,275.538767
18,260.4694071,201.9465603,160.1429161,99.54549714,84.8434364,109.3272247,164.5099875,204.1422193,172.7827025,150.8961164,106.733416,98.08976941,103.0505618,150.8563349,145.9951135,111.6735017,98.97494801,0,58.25250474,104.1390809,77.39900323,152.4308416,188.1624372,133.8373524,215.9841266,227.8408669,294.5675656,79.40902844,132.488433,147.2202239,163.159484,195.5777742,205.0258802,221.1096592,275.6958917,382.2388399,268.4957688,307.68518,323.3899952,374.3351876,301.4169165,367.3084346,365.903352,419.635282,254.955802,327.1045665,396.5803439,366.683752,237.1673472,279.8275436,335.0818954,309.0079925,384.8684079,377.1914557,415.1801328,448.2645867,448.8517911,492.5055942,505.7718513,457.698605,495.8245358,551.6346368,432.1400406,517.1920481,527.4193988,482.5737858,455.2596743,488.5636611,567.2377979,67.09080584,39.29302379,235.8302519,66.17570284,139.0143334,324.0965555
19,247.1219897,198.5866232,140.4471003,78.62222864,46.22256258,111.4759087,171.5292235,215.6973625,190.8886429,181.191181,137.8532741,146.0784812,158.0578199,201.9916262,204.2307909,169.4578072,149.350131,58.25250474,0,55.00947886,71.08216088,123.8645686,178.6453625,146.2327306,233.775436,234.6280428,307.0699838,115.4911317,166.1396068,196.3167234,204.2012798,229.5360788,231.3743649,265.8159305,326.3292835,434.3083471,306.6612727,348.2815529,352.2795433,398.3595565,323.1695185,375.8381131,383.8592437,432.6065793,253.2665757,323.0446084,390.4123165,366.977287,213.2861901,256.2238442,314.2126513,296.2952911,364.7813328,365.3879455,401.5929832,426.8201576,434.1322851,473.3560645,492.586825,453.0414347,487.9887291,542.6901868,435.3999408,514.2946916,531.0392242,486.6647845,463.3022547,498.7521563,577.7045963,124.963922,97.54341721,236.7308519,82.62960596,154.466227,328.8585229
20,285.3363841,244.0032823,179.2902254,123.4562418,87.01513433,162.6136285,221.9700609,266.7232625,244.0210367,236.0936092,192.8616847,198.913928,207.171447,253.845538,246.1275014,207.7569976,175.7209229,104.1390809,55.00947886,0,65.40338099,77.90317821,143.7355356,135.0393532,219.5652988,210.2475191,284.8889299,131.7293827,172.8602353,218.0057543,215.6979282,231.7835827,225.6578759,278.8513448,346.1436253,455.0303101,310.4681472,353.9141576,344.6814597,384.8369027,309.1593638,348.5133821,364.7824098,408.1765486,220.7745225,286.6544018,351.3395025,333.0896556,165.8439935,207.9760717,266.6618867,254.1957762,317.1270077,322.7764129,357.4276147,377.986043,388.988813,425.4551556,447.9571079,414.3271192,446.7867195,500.3973727,402.8196825,476.2944924,497.7562591,454.1579621,434.2490814,471.0966702,549.5703889,165.144828,141.1000069,283.2192679,137.4386479,207.5819654,299.3673619
21,317.2786835,265.7171403,211.027077,148.4007694,117.301968,174.7252694,233.8748806,276.1525547,247.0704672,227.9743708,183.5944063,173.3473283,171.1637753,222.29028,196.7699513,155.8856482,115.6499067,77.39900323,71.08216088,65.40338099,0,77.74249409,112.9048592,76.03825776,163.5607956,163.7277984,235.9915469,68.60215928,107.5232222,154.571862,150.3116659,167.5139502,164.3571131,213.4620488,281.3741306,390.2190638,246.1231926,289.2719453,284.9218892,328.8583186,253.3484694,305.0152696,313.0945231,361.5289858,184.4462784,255.5126221,324.0742202,297.9472813,159.8452625,202.4383433,257.8195603,233.4208456,307.7561751,302.1460945,339.6129768,371.0506102,372.9990693,415.6582672,430.4965449,386.1409275,422.7107409,478.096575,365.6595201,446.7454794,461.341224,416.7941831,392.6394857,427.8586157,506.8244558,118.3372141,101.9026731,302.5637725,136.6892278,211.8292668,258.5465712
22,363.2232677,320.4612451,257.0075068,199.4880622,163.4530121,235.3341093,295.3709913,339.5503964,313.9294145,299.9287694,255.4907239,250.0368942,248.9062524,299.9525254,271.6570947,230.1736305,184.1799223,152.4308416,123.8645686,77.90317821,77.74249409,0,71.70918403,98.86412201,166.028365,145.2373316,219.1645986,135.6716177,154.0034373,214.1621032,197.4531056,198.9380516,182.615666,257.2901353,330.7711674,437.4951532,274.4076125,318.410184,292.9623655,325.5245633,251.2688751,277.1085824,300.2745033,338.3843161,147.5511133,210.1765743,273.75995,257.5491796,89.4602991,132.3596049,190.4796365,176.3009815,241.059096,244.8883511,279.7740211,302.9562348,311.6372488,349.6229266,370.475568,336.7470035,368.8882974,422.5250759,327.5997285,398.811447,421.8794448,378.7755777,360.9332633,398.4891989,476.3156925,195.2476312,179.6293562,359.3044171,203.7209407,277.6661722,226.9643655
23,424.9891149,376.9014257,318.0885952,257.2210818,222.9986057,287.0868022,346.5710587,389.0491198,359.790282,338.8555987,294.8715608,278.3543632,268.5391372,320.6189412,274.666124,233.8601571,181.0789307,188.1624372,178.6453625,143.7355356,112.9048592,71.70918403,0,74.68912851,104.2259142,75.20983797,147.9156562,138.9827329,130.3739297,195.4179867,167.0000075,154.0401274,129.4249567,218.0731088,293.1602366,394.8704492,221.5440298,264.4216299,227.833875,255.9589297,183.1228559,205.8686286,229.0490749,266.8068155,77.07146124,144.5208794,211.8912335,189.7085249,67.21030195,101.9827388,150.4670482,120.8553351,198.7076647,189.3164022,227.0576274,262.3721392,260.6894326,305.1280303,317.7896096,274.4153802,310.0593795,365.2861942,259.2036348,335.6669887,354.3762056,310.5663167,290.7184041,327.8694566,406.1055191,209.7887031,203.4771552,414.460472,249.5829641,324.7046148,156.0829077
24,389.3129187,334.211684,284.2685997,221.212527,192.2809075,241.6273831,298.2590238,337.801147,305.6026095,279.2434436,236.9190552,213.1338169,199.0333971,250.6118814,200.3434434,159.9224913,106.6703737,133.8373524,146.2327306,135.0393532,76.03825776,98.86412201,74.68912851,0,87.5985377,94.03798532,162.3589192,68.07273731,58.23542084,122.6469929,99.73914424,101.2069848,90.72240646,158.4534859,232.268282,338.6450474,178.6913984,222.7058082,209.9383972,252.8283193,177.3125706,233.9005605,237.7212259,288.0657267,124.18463,196.2800618,266.1451014,233.5095491,140.6950154,176.6240226,222.66399,186.6340196,268.9819979,251.5962234,290.5545429,332.3383467,324.7658449,372.6352408,379.4409995,325.9383892,365.5612458,421.7136911,298.3280307,384.4644583,393.5824831,348.7389721,321.8918152,355.8879418,434.7738646,139.7591902,138.787509,369.2136296,199.7058786,272.6567176,190.2769857
25,474.9909871,417.9127557,370.8735072,307.8314941,279.7358844,325.2312999,379.7018787,416.963461,383.1171786,352.3899216,312.749438,281.3432811,260.0000494,307.9627986,241.1838707,207.3592382,156.5678684,215.9841266,233.775436,219.5652988,163.5607956,166.028365,104.2259142,87.5985377,0,44.51600213,80.20123519,139.5700591,94.43782665,143.1089196,103.3411951,68.92352511,35.76787763,131.3283668,203.3158534,297.6884519,119.7706752,161.3645502,127.1299169,165.6358809,89.94497778,154.7615629,150.693965,203.8105337,85.91135941,143.4571976,209.3025067,167.2543677,161.2180799,179.9830415,205.4804389,157.5131643,241.4978418,207.9397392,246.235773,300.382638,279.6757585,332.7286359,327.9347764,262.5735044,305.5808447,361.3841474,224.2129767,316.3239874,317.0918191,272.42085,241.6888996,273.4392173,351.7563248,203.658119,211.8007987,451.4881661,282.0644164,352.2564296,119.3765663
26,480.8326392,427.3762199,374.749042,312.0181612,280.7455023,335.0306009,392.1582003,431.8382799,399.5225363,372.2209631,330.4701171,304.0801786,286.3926975,336.4294848,275.2124468,238.5961754,185.5468198,227.8408669,234.6280428,210.2475191,163.7277984,145.2373316,75.20983797,94.03798532,44.51600213,0,74.75218148,158.3852599,123.462958,180.4706338,142.5531661,112.3363127,79.8052946,175.6908176,247.8096802,340.9386229,161.8595944,201.6917027,154.6416249,180.7848501,108.2227295,141.3023517,155.4418064,198.6023822,42.15303184,107.2934109,176.2703585,140.1007239,121.6672957,136.427991,161.2235616,114.1031206,198.7412504,168.9999915,207.9468855,258.9292897,241.9411625,293.5797475,293.100445,233.8878161,274.9822888,331.2019174,204.2997833,291.2362698,299.6350007,254.8175969,229.0589351,264.1373322,343.0998921,227.9207789,231.0524765,462.8682656,293.5674346,366.6943432,96.25736163
27,551.6634711,496.1101758,446.36148,383.3591935,353.2920336,403.4077996,458.8427128,496.7121744,463.0906861,432.5911285,392.8285403,361.4227308,339.4129444,386.4464595,316.4611833,285.0159614,235.7254067,294.5675656,307.0699838,284.8889299,235.9915469,219.1645986,147.9156562,162.3589192,80.20123519,74.75218148,0,219.4581744,174.2386876,216.6871323,176.082988,135.0686631,105.2439314,183.9396365,244.1784669,319.7151464,145.4122393,173.9466017,102.9454652,111.369454,52.18689486,74.6995106,81.13853095,125.7340971,82.33627892,92.38202156,144.3415225,96.39925939,180.2088737,179.8710067,181.0512682,130.5752894,202.3301172,156.3060238,190.4426707,252.4798171,221.1181679,276.2942644,262.1571369,189.6303442,234.0194156,288.6047145,145.3668984,239.4681902,237.0937275,192.5471639,161.5404207,193.9998136,272.699798,283.6734119,291.9219889,530.3875911,360.7431386,431.8562145,49.34952533
28,339.7589971,280.1996678,239.1802583,177.4994633,156.3813037,188.0476061,240.6438532,277.3961537,243.633258,214.2106272,173.4819972,145.8647928,130.9889762,182.6909614,138.2328461,96.66618317,48.61682386,79.40902844,115.4911317,131.7293827,68.60215928,135.6716177,138.9827329,68.07273731,139.5700591,158.3852599,219.4581744,0,53.25032449,86.32598528,88.7109282,116.8574195,125.8349257,150.7156404,214.8428331,323.6852217,192.0546148,233.0380092,244.0572807,295.0467353,222.6550537,293.4862074,287.8804635,343.1811105,191.6822127,263.3906852,333.1996858,298.446266,200.9844493,240.0871271,289.1136471,254.5720728,336.3003677,319.635762,358.6151713,399.8110079,392.8317471,440.587999,447.328518,392.095066,432.4857604,488.7010228,360.9080536,449.5713634,455.2217004,410.3805632,380.9669425,413.0080444,491.2547289,71.7216723,72.92584675,312.6427102,144.1576557,212.7576469,253.3232045
29,392.4809234,332.0740823,292.417597,230.7179976,208.6884745,240.4368438,291.3809982,326.3554159,291.6506498,259.1548545,220.9322022,187.2880671,165.6068892,214.160073,152.2561538,115.1460887,62.59418889,132.488433,166.1396068,172.8602353,107.5232222,154.0034373,130.3739297,58.23542084,94.43782665,123.462958,174.2386876,53.25032449,0,65.05140494,44.11663387,63.82725899,74.37030185,106.6440946,177.6949406,285.7143806,140.6007424,182.8156367,190.902919,242.6841222,171.6063407,248.9348386,237.8186076,295.031286,162.4655766,230.7439233,299.3584217,260.1855277,197.4119133,230.9722562,272.5168888,231.5590671,316.0609095,291.6848381,330.7895229,378.3620815,364.9283225,415.5870129,416.5627478,355.2693281,397.4086412,453.5159971,318.6460833,410.2792663,411.3284935,366.7327415,335.1967898,365.6534802,443.1870846,109.491119,120.3391826,363.4951107,196.3685583,262.5059603,213.0345488
30,392.9562962,328.483654,301.8141539,245.0228305,231.658372,242.5071006,284.1095437,312.3653106,276.1708218,237.9965355,207.3249126,164.3586786,134.7064122,174.7277253,99.94550728,73.89304304,48.25540898,147.2202239,196.3167234,218.0057543,154.571862,214.1621032,195.4179867,122.6469929,143.1089196,180.4706338,216.6871323,86.32598528,65.05140494,0,40.60614493,82.63654864,111.6888087,76.47241587,130.0444554,238.4154232,132.4286289,165.900554,202.4346635,260.2411798,199.3132797,289.7487994,266.0278172,327.1383911,221.6494228,285.9686305,352.4100176,309.4973195,262.4600355,295.6884213,335.501588,292.5507861,377.4675388,349.2995701,388.0785474,438.8619344,421.8695287,474.0089356,471.0103454,404.6502782,448.1615426,503.6926779,361.6295962,456.1529511,450.3698823,406.7611516,371.832104,398.3650792,473.1353468,94.58343052,118.4662479,354.8126592,199.7375028,252.9733205,261.1663532
31,418.4926973,355.6316839,322.5180454,262.7049595,244.3115642,266.4381675,312.6417932,343.8388252,308.0363998,271.7447122,237.8910122,198.0103443,170.6845589,213.5510208,140.459836,111.7422125,71.56655257,163.159484,204.2012798,215.6979282,150.3116659,197.4531056,167.0000075,99.73914424,103.3411951,142.5531661,176.082988,88.7109282,44.11663387,40.60614493,0,42.72687523,71.12691101,63.15383823,133.6442888,241.6024868,105.4856673,144.8511363,167.9492812,224.2533298,160.2391199,249.2617947,227.2552734,287.8051681,184.3479686,246.6842602,312.4579631,269.0876633,234.0618505,264.259198,300.5721777,255.9426635,340.8670613,310.6455815,349.214613,401.4779049,382.8238364,435.4664937,431.2078024,364.1738315,407.7855694,463.2383828,321.0774908,415.5474945,410.1838585,366.4407616,331.8648674,359.0644469,434.5044631,123.0632304,141.9451398,384.3006467,222.5567044,282.2595502,220.717642
32,454.5387846,392.9641369,355.7084823,294.3297199,272.4772311,302.2620529,350.9969032,383.7456985,348.2456186,312.9477187,277.720689,239.4125775,212.9478015,256.2763453,182.5185696,154.4454382,111.6921324,195.5777742,229.5360788,231.7835827,167.5139502,198.9380516,154.0401274,101.2069848,68.92352511,112.3363127,135.0686631,116.8574195,63.82725899,82.63654864,42.72687523,0,33.31758258,64.95636232,139.6081018,241.2763952,78.68638493,122.2679254,128.8087027,183.3337389,117.583059,207.3318908,184.6510753,245.0803992,154.3629151,211.0476237,274.610092,229.6714501,218.6602923,243.5172957,273.4703947,226.2142306,310.3960922,276.1554475,314.0693069,369.2078818,347.1449442,400.7547744,393.53027,324.2558784,368.2829304,423.3398316,279.3714152,374.3302914,367.7344181,324.1455167,289.2605319,316.3396508,391.8884212,163.1535424,179.3469754,422.973604,258.1433467,321.1850456,181.2582306
33,465.4940706,405.9254582,363.7704697,301.2578318,276.1953022,313.8813275,365.6436319,400.6963368,365.8913757,332.7041466,295.1527032,260.066857,236.0176317,281.84155,211.2733379,180.1159482,132.5300684,205.0258802,231.3743649,225.6578759,164.3571131,182.615666,129.4249567,90.72240646,35.76787763,79.8052946,105.2439314,125.8349257,74.37030185,111.6888087,71.12691101,33.31758258,0,95.9351991,168.941776,266.3998128,92.67985793,136.3112668,120.9216566,169.3281326,97.24240367,179.1215634,163.555113,221.6127576,121.5745741,177.8936748,242.1364546,198.0677116,191.3056568,213.3749316,241.0134281,193.2677056,277.2462108,242.8918318,280.8910759,335.8998044,314.0642502,367.542411,361.0341189,293.0762478,336.7803749,392.1536667,250.5352929,344.5995613,340.9311701,296.7932142,263.4626181,292.5879969,369.5735365,182.4593309,194.7008603,437.7506336,269.9555637,336.8713174,149.6637878
34,469.3767711,404.7217502,377.8312648,320.0471593,304.3051916,318.9415364,360.0795006,386.976441,350.6605181,311.2363578,282.7940558,238.3211016,206.8427789,240.4187531,159.5296942,145.4951665,123.3636189,221.1096592,265.8159305,278.8513448,213.4620488,257.2901353,218.0731088,158.4534859,131.3283668,175.6908176,183.9396365,150.7156404,106.6440946,76.47241587,63.15383823,64.95636232,95.9351991,0,75.09638194,180.209254,61.19080724,89.62728759,138.6325501,197.8829462,150.7913061,249.4637119,212.8343639,275.2431698,217.2120888,268.4920687,327.8840738,280.3269422,283.3642043,308.4038101,336.8087937,288.5289813,371.7504583,334.2043631,371.0380859,428.8831135,403.1837968,457.7351577,446.083115,372.2786012,417.0178168,470.57683,321.2376732,417.3550091,402.9227716,361.3940925,323.4104606,345.1239793,415.9501608,171.0319891,194.6170055,430.3347678,276.0080892,328.7752678,232.868656
35,507.0747385,440.7863286,424.1878693,370.9696614,360.5225866,362.1247227,394.7833974,414.9737133,379.0061273,336.9169105,316.7030151,268.902022,235.0431682,254.8898283,175.1619867,178.9542063,177.3701412,275.6958917,326.3292835,346.1436253,281.3741306,330.7711674,293.1602366,232.268282,203.3158534,247.8096802,244.1784669,214.8428331,177.6949406,130.0444554,133.6442888,139.6081018,168.941776,75.09638194,0,108.8872559,99.90115123,92.24674285,172.0653936,227.0790184,201.7163545,300.8946841,253.6024766,314.0979954,288.4196267,333.6645316,387.9415635,338.7292321,358.2591787,382.2817105,407.9271031,358.5963079,440.177313,399.1615966,434.456288,494.9715126,465.2761721,520.4726915,503.9047572,426.1896534,471.0093084,522.2727825,369.9828428,465.2352099,442.7515686,404.3713263,364.320883,379.784275,443.512618,215.8683725,243.1553063,461.4124341,321.892028,363.1076068,293.4414283
36,601.7766055,535.1653317,525.4536576,475.1369628,467.0070201,462.313368,488.9659275,503.7132952,468.8469111,425.8998764,412.1012777,363.688896,329.8068391,338.8500937,266.2953964,279.5247749,284.9874507,382.2388399,434.3083471,455.0303101,390.2190638,437.4951532,394.8704492,338.6450474,297.6884519,340.9386229,319.7151464,323.6852217,285.7143806,238.4154232,241.6024868,241.2763952,266.3998128,180.209254,108.8872559,0,179.6415935,145.7860014,225.7172809,265.5986784,269.8371902,360.7026754,303.3372773,355.7310515,378.6899868,412.0914237,456.3461388,406.4597886,457.6856701,477.3534026,495.6675354,445.021708,521.8443553,475.3262584,507.1066833,571.2315682,534.9410267,590.1666705,565.4972648,483.6854887,527.2321625,573.4724682,422.0487363,512.135925,478.4112274,446.3645167,405.4313063,411.0738295,461.172715,319.8228182,347.9499571,551.7102476,424.1579879,457.66961,366.5125329
37,523.2769391,459.7080548,428.0036903,368.0167525,348.4352584,371.5156282,415.9143651,444.7939368,408.5940936,370.0942154,339.6218485,296.6377803,266.1026785,301.3284983,220.6695375,204.6745063,175.3766689,268.4957688,306.6612727,310.4681472,246.1231926,274.4076125,221.5440298,178.6913984,119.7706752,161.8595944,145.4122393,192.0546148,140.6007424,132.4286289,105.4856673,78.68638493,92.67985793,61.19080724,99.90115123,179.6415935,0,44.06601407,78.91776402,137.8873238,101.8574458,201.2943922,157.2531837,219.1958814,199.0492775,236.4941774,288.4103639,239.0108245,280.9732789,298.2158133,316.4642151,266.0284842,344.9099862,301.4336275,335.8307237,397.5575865,366.1048653,421.4096299,404.0167645,326.4452838,371.2917208,422.9939574,271.1784524,366.914925,347.857341,307.8128524,268.5974048,287.6957352,356.6149767,225.7602087,246.7548633,486.9857379,327.7839117,385.0052312,194.3764907
38,558.8473717,494.3208444,466.0719555,407.1573219,389.1161805,408.0159663,449.7063276,476.239751,439.9030642,400.0191646,372.3658023,327.5243885,295.5441892,326.035854,244.3408267,234.4775799,211.785273,307.68518,348.2815529,353.9141576,289.2719453,318.410184,264.4216299,222.7058082,161.3645502,201.6917027,173.9466017,233.0380092,182.8156367,165.900554,144.8511363,122.2679254,136.3112668,89.62728759,92.24674285,145.7860014,44.06601407,0,84.14259676,135.6117177,124.3156696,218.5298901,165.6903842,224.2488829,236.5690931,266.3283351,311.8652681,261.9306513,322.3014009,337.2237937,351.3312732,300.5155445,376.1717812,329.6133466,361.8647018,425.6034893,390.3934595,445.7444039,423.7479257,343.4210278,387.804394,436.9737532,284.2556063,378.0239389,352.2880007,315.2661279,274.7226984,288.305188,351.2659845,260.4726079,283.3604252,519.8871276,364.7693825,418.3912674,220.8693912
39,583.1269816,521.7710364,483.1878347,421.1170771,396.9388826,430.897737,479.7057499,511.741665,475.9807884,439.4375026,405.7476485,365.6451385,337.051327,375.7917081,296.4786941,276.2826659,239.3395979,323.3899952,352.2795433,344.6814597,284.9218892,292.9623655,227.833875,209.9383972,127.1299169,154.6416249,102.9454652,244.0572807,190.902919,202.4346635,167.9492812,128.8087027,120.9216566,138.6325501,172.0653936,225.7172809,78.91776402,84.14259676,0,59.25041873,51.05580998,135.2176827,81.8652566,142.1034268,179.3701413,192.585708,230.8937309,181.141617,274.4992049,280.3290869,283.910197,233.5173048,302.3789221,252.6116535,282.4422572,347.5559955,309.4451331,364.5743015,340.423261,259.5444922,303.8017225,352.8433252,200.1190384,294.1823244,270.8717094,232.3580281,192.2577958,209.2635771,277.7311656,290.9210977,308.119281,551.6184535,386.774805,449.7136797,144.3435692
40,634.7901244,574.7546289,532.909378,470.2177981,443.9294512,483.0103947,533.6664459,567.051533,531.5793569,495.9601282,461.037057,422.2561782,394.4697301,434.2855253,355.4136896,334.1269744,294.9522277,374.3351876,398.3595565,384.8369027,328.8583186,325.5245633,255.9589297,252.8283193,165.6358809,180.7848501,111.369454,295.0467353,242.6841222,260.2411798,224.2533298,183.3337389,169.3281326,197.8829462,227.0790184,265.5986784,137.8873238,135.6117177,59.25041873,0,75.71949656,106.0043105,43.99806536,90.42310765,193.6576767,184.0523266,204.6801626,158.0872931,291.5256487,288.5689393,279.862951,232.3883359,288.440694,234.728031,258.4158856,324.9015623,280.9916347,334.5539459,303.51353,220.6011035,262.9879462,307.9156611,157.4734855,246.6329339,216.9799528,181.6097433,140.6840812,152.7461434,218.8244673,346.4715659,362.0292321,605.7487567,438.994905,504.2077383,135.28819
41,561.7314889,502.853746,458.8427108,395.9585295,368.9208159,410.5830049,462.84992,497.867215,462.9450658,429.1170795,392.2039486,355.9950674,330.3724269,373.7169411,298.3357134,271.9779082,228.0079071,301.4169165,323.1695185,309.1593638,253.3484694,251.2688751,183.1228559,177.3125706,89.94497778,108.2227295,52.18689486,222.6550537,171.6063407,199.3132797,160.2391199,117.583059,97.24240367,150.7913061,201.7163545,269.8371902,101.8574458,124.3156696,51.05580998,75.71949656,0,99.73711597,67.11406589,127.857019,129.1047997,143.4358014,188.1042519,138.279618,225.4314394,229.5786106,233.2267639,182.6855298,253.5453888,205.5545786,237.5663566,301.3944973,266.450705,321.8362532,302.3965312,224.6273051,269.4867866,321.6000593,170.7441581,266.8489753,253.1671385,210.9041721,173.8400846,199.0572213,274.3116177,278.8127416,291.9153219,534.9490265,366.7935906,434.111765,96.69695169
42,622.1179996,568.0885321,516.0420794,453.3190301,421.8903542,475.5278585,531.8056272,570.3355447,537.034133,507.0572896,466.9641645,436.0816423,414.0685393,460.8334429,389.6914977,359.2172278,310.3635242,367.3084346,375.8381131,348.5133821,305.0152696,277.1085824,205.8686286,233.9005605,154.7615629,141.3023517,74.6995106,293.4862074,248.9348386,289.7487994,249.2617947,207.3318908,179.1215634,249.4637119,300.8946841,360.7026754,201.2943922,218.5298901,135.2176827,106.0043105,99.73711597,0,62.07317093,62.78967004,129.7484644,88.44197488,98.91554909,52.5362958,219.0856473,204.0638413,182.4362276,140.520064,184.226539,129.6311482,152.4900254,218.9428803,176.3144797,230.8067891,205.2660358,125.4014055,170.1532791,221.8629511,72.24661627,168.0970193,162.3945577,117.8791933,87.99152007,122.9823351,201.8879592,358.3511366,366.1725123,603.0282741,433.4027319,505.3411413,50.61017759
43,625.5637936,567.7665863,521.560033,458.5109881,429.9768419,475.2283032,528.4812315,564.1618494,529.4384381,496.0167025,458.7028375,423.0057417,397.4858638,440.6147501,364.5457746,338.9655612,295.0403945,365.903352,383.8592437,364.7824098,313.0945231,300.2745033,229.0490749,237.7212259,150.693965,155.4418064,81.13853095,287.8804635,237.8186076,266.0278172,227.2552734,184.6510753,163.555113,212.8343639,253.6024766,303.3372773,157.2531837,165.6903842,81.8652566,43.99806536,67.11406589,62.07317093,0,62.40930234,160.4870213,141.9368704,160.9033993,114.0929213,257.3873334,250.4912041,237.8918958,191.6840803,244.7254766,190.8115664,214.554212,281.015228,237.721654,291.7028472,262.7064381,180.4169096,223.9203282,271.5620649,119.0797707,212.3608544,190.6539392,150.8602775,111.3450488,132.8831312,207.2491924,345.6995678,358.1326663,600.5145117,431.7042198,500.1181545,94.23680738
44,677.3786453,621.4417899,572.0797829,509.0874616,478.816718,528.7266661,583.5123153,620.4910928,586.2962264,554.1239445,515.6944349,481.674137,457.1920349,501.3561871,426.160157,399.5112579,354.044746,419.635282,432.6065793,408.1765486,361.5289858,338.3843161,266.8068155,288.0657267,203.8105337,198.6023822,125.7340971,343.1811105,295.031286,327.1383911,287.8051681,245.0803992,221.6127576,275.2431698,314.0979954,355.7310515,219.1958814,224.2488829,142.1034268,90.42310765,127.857019,62.78967004,62.40930234,0,191.659269,148.895991,138.5985294,105.0062599,281.8474581,265.640046,239.2213816,200.9649004,232.8734517,177.7850197,190.8951091,255.922543,206.6309555,256.7135349,219.4835187,136.7282058,176.3430435,218.3669102,72.73287202,156.419088,128.8100282,91.28017809,50.49695139,71.2592856,148.1862942,404.0111048,414.7626964,655.282037,485.7767646,555.938757,113.1958125
45,500.3251574,450.1584934,393.497714,331.8155668,298.4661261,358.9316761,417.5159291,458.7150214,427.7258576,403.0000763,360.1477836,337.2710564,321.9074951,372.8107301,314.7185785,277.0090356,223.4193447,254.955802,253.2665757,220.7745225,184.4462784,147.5511133,77.07146124,124.18463,85.91135941,42.15303184,82.33627892,191.6822127,162.4655766,221.6494228,184.3479686,154.3629151,121.5745741,217.2120888,288.4196267,378.6899868,199.0492775,236.5690931,179.3701413,193.6576767,129.1047997,129.7484644,160.4870213,191.659269,0,72.2842201,142.0808094,113.7116734,97.87526641,101.5846746,119.6502543,71.95017805,156.6472577,129.3585108,168.5030696,217.2579047,202.7145024,253.1557864,255.8707917,202.7428031,241.5153926,297.6126317,182.5446879,262.5907406,278.0043897,233.9101215,213.6918846,251.009863,329.0936962,262.8212071,262.9565345,486.9071977,319.272132,393.7303641,79.42505056
46,569.4962159,520.9068717,462.5980351,401.658131,367.5150663,430.2301278,489.1366739,530.6490281,499.8872621,475.269728,432.4291817,409.1762088,392.9530338,443.3931475,382.2057791,345.8852771,292.8056566,327.1045665,323.0446084,286.6544018,255.5126221,210.1765743,144.5208794,196.2800618,143.4571976,107.2934109,92.38202156,263.3906852,230.7439233,285.9686305,246.6842602,211.0476237,177.8936748,268.4920687,333.6645316,412.0914237,236.4941774,266.3283351,192.585708,184.0523266,143.4358014,88.44197488,141.9368704,148.895991,72.2842201,0,69.86565243,49.21493861,138.1168606,116.9747434,95.95813113,52.17104328,110.1145296,65.73787032,103.0281666,161.3129741,136.2329834,189.7564568,185.8313064,130.7285902,169.2864484,225.4348885,118.7856899,191.3270205,211.8281746,169.3290277,156.7081089,195.4082296,270.3179011,334.0961362,335.0620761,558.0526106,391.1035998,465.7383102,49.33614321
47,635.8313346,588.7898109,529.04893,468.8798347,434.1606596,498.7319781,557.9285896,599.7842743,569.3386531,545.0767723,502.1457034,479.0138372,462.4901872,512.6949052,449.9492841,414.4412525,361.7090331,396.5803439,390.4123165,351.3395025,324.0742202,273.75995,211.8912335,266.1451014,209.3025067,176.2703585,144.3415225,333.1996858,299.3584217,352.4100176,312.4579631,274.610092,242.1364546,327.8840738,387.9415635,456.3461388,288.4103639,311.8652681,230.8937309,204.6801626,188.1042519,98.91554909,160.9033993,138.5985294,142.0808094,69.86565243,0,49.93707141,193.2504014,161.1558087,115.609631,99.25937317,96.00029731,43.53005439,53.88064585,120.3630138,78.59580173,133.8897673,118.9210845,62.99076097,99.43533978,155.5692361,78.08717291,125.0972812,156.1108939,119.3632448,122.8415116,159.3275723,224.7502097,403.7487897,404.9277284,626.3048006,460.1778788,534.9854052,95.07826677
48,614.0170004,563.6362825,507.1706648,445.5253066,412.111455,472.092352,530.258495,570.814911,539.0433294,512.3023116,470.3729612,443.979728,425.2399008,474.3447586,408.3326957,374.4332382,322.7747392,366.683752,366.977287,333.0896556,297.9472813,257.5491796,189.7085249,233.5095491,167.2543677,140.1007239,96.39925939,298.446266,260.1855277,309.4973195,269.0876633,229.6714501,198.0677116,280.3269422,338.7292321,406.4597886,239.0108245,261.9306513,181.141617,158.0872931,138.279618,52.5362958,114.0929213,105.0062599,113.7116734,49.21493861,49.93707141,0,187.3306768,164.5914959,134.2190164,98.70869086,131.8706122,77.10580854,101.712309,167.7307292,128.5116061,183.8261891,165.8529947,95.319212,138.7127118,194.2263185,70.12393305,151.1358174,164.6869738,121.2275107,107.6222708,146.3554413,221.1477546,367.3413064,371.1531846,600.1229848,431.7711048,505.697357,48.42808374
49,450.4061807,409.5556344,344.9695052,288.6496977,252.4301145,324.7620215,384.8115683,428.9240496,402.8154269,387.0455715,342.5522277,332.5746979,326.8037426,378.8179788,338.6659484,297.3544397,245.6679088,237.1673472,213.2861901,165.8439935,159.8452625,89.4602991,67.21030195,140.6950154,161.2180799,121.6672957,180.2088737,200.9844493,197.4119133,262.4600355,234.0618505,218.6602923,191.3056568,283.3642043,358.2591787,457.6856701,280.9732789,322.3014009,274.4992049,291.5256487,225.4314394,219.0856473,257.3873334,281.8474581,97.87526641,138.1168606,193.2504014,187.3306768,0,43.07168627,101.0551663,94.0211979,151.628359,159.6724593,192.4224393,213.572575,223.3538192,260.1761735,282.4410164,255.4565359,284.0698225,336.2931152,256.42031,317.6334764,347.0415791,306.1068803,294.7251183,333.3676055,408.33609,269.4407026,259.0761274,448.5438457,292.2588458,366.6729417,169.2572988
50,491.5807714,451.9332117,386.6835221,331.1363236,294.8212226,367.6931115,427.7246387,471.9005485,445.8855816,429.9513064,385.4656522,374.6275686,367.77536,419.8755419,376.5966063,335.6682464,283.049406,279.8275436,256.2238442,207.9760717,202.4383433,132.3596049,101.9827388,176.6240226,179.9830415,136.427991,179.8710067,240.0871271,230.9722562,295.6884213,264.259198,243.5172957,213.3749316,308.4038101,382.2817105,477.3534026,298.2158133,337.2237937,280.3290869,288.5689393,229.5786106,204.0638413,250.4912041,265.640046,101.5846746,116.9747434,161.1558087,164.5914959,43.07168627,0,58.79585536,65.94651509,109.1548009,123.461645,153.0981608,170.5966757,182.6648668,217.5334601,241.8399792,221.4644185,246.6506154,297.3206972,230.5994934,283.0866788,317.0783275,278.2423309,271.6884495,310.3829,382.5119147,309.8014567,300.6848073,491.0364771,335.3282898,409.7358971,157.3850898
51,550.3546126,510.5421343,445.4707941,389.6732394,353.4130255,425.6701454,485.7355103,529.7302438,503.0916659,485.7915385,441.3878637,428.0848798,419.0055612,471.0853441,422.5233655,382.5119693,328.9819958,335.0818954,314.2126513,266.6618867,257.8195603,190.4796365,150.4670482,222.66399,205.4804389,161.2235616,181.0512682,289.1136471,272.5168888,335.501588,300.5721777,273.4703947,241.0134281,336.8087937,407.9271031,495.6675354,316.4642151,351.3312732,283.910197,279.862951,233.2267639,182.4362276,237.8918958,239.2213816,119.6502543,95.95813113,115.609631,134.2190164,101.0551663,58.79585536,0,50.85669851,50.57948236,73.17935436,96.54539994,113.2598087,124.4410409,159.1498492,183.5395047,170.8896002,191.360524,240.1884465,191.5658566,230.8959757,270.3347976,234.9658971,235.3452219,273.164845,340.3591803,360.2175167,353.4553016,549.5751637,392.3690206,467.0945941,144.650397
52,539.4483836,494.802937,433.0118518,374.1074007,338.6867908,406.4981885,466.3115806,509.2620378,480.4806258,459.6112771,415.6979786,397.7682287,385.5465543,437.231391,383.4041894,344.5426832,290.738991,309.0079925,296.2952911,254.1957762,233.4208456,176.3009815,120.8553351,186.6340196,157.5131643,114.1031206,130.5752894,254.5720728,231.5590671,292.5507861,255.9426635,226.2142306,193.2677056,288.5289813,358.5963079,445.021708,266.0284842,300.5155445,233.5173048,232.3883359,182.6855298,140.520064,191.6840803,200.9649004,71.95017805,52.17104328,99.25937317,98.70869086,94.0211979,65.94651509,50.85669851,0,84.9541456,69.0946593,106.2195318,146.8121775,139.8597808,186.0160952,197.0817687,161.7280793,192.592339,246.5757934,165.0063522,223.958461,253.490363,213.4444628,205.753359,244.4580973,317.1018809,326.2915025,322.7940646,533.0135208,370.0517008,445.2082386,97.46459222
53,600.3908163,561.058572,495.7682635,440.2153608,403.9343289,476.2321445,536.299446,580.2653079,553.4775197,535.69808,491.3481604,476.9915871,466.8402855,518.8127863,467.48884,428.1447767,374.3893571,384.8684079,364.7813328,317.1270077,307.7561751,241.059096,198.7076647,268.9819979,241.4978418,198.7412504,202.3301172,336.3003677,316.0609095,377.4675388,340.8670613,310.3960922,277.2462108,371.7504583,440.177313,521.8443553,344.9099862,376.1717812,302.3789221,288.440694,253.5453888,184.226539,244.7254766,232.8734517,156.6472577,110.1145296,96.00029731,131.8706122,151.628359,109.1548009,50.57948236,84.9541456,0,55.23738717,56.64619497,63.66447461,77.49582929,108.5750416,135.5878277,138.0219851,149.7017949,194.4363313,173.6438632,193.4983459,239.6581596,209.7183301,218.4343693,253.9300991,313.9683299,407.7918817,402.1678723,600.1195092,442.7303457,517.5283998,158.1370105
54,608.1101463,563.8814248,501.8186495,443.1499029,407.6539717,475.5456567,535.3225368,578.1634825,549.1065717,527.449932,483.7444059,464.2432964,450.4387453,501.6739929,443.8742388,406.3655621,352.7713837,377.1914557,365.3879455,322.7764129,302.1460945,244.8883511,189.3164022,251.5962234,207.9397392,168.9999915,156.3060238,319.635762,291.6848381,349.2995701,310.6455815,276.1554475,242.8918318,334.2043631,399.1615966,475.3262584,301.4336275,329.6133466,252.6116535,234.728031,205.5545786,129.6311482,190.8115664,177.7850197,129.3585108,65.73787032,43.53005439,77.10580854,159.6724593,123.461645,73.17935436,69.0946593,55.23738717,0,39.14821328,96.17444945,73.38404527,124.8285942,128.595085,98.47399338,124.4393026,177.6554591,121.4014008,159.6852433,197.1623309,162.2948849,166.0344846,202.8118843,267.6734692,391.2029805,389.3989404,602.1080178,438.8306906,513.9753403,108.8648022
55,642.5829526,599.7860762,536.7093552,478.8753673,443.0952924,512.2520667,572.1617875,615.2933303,586.6818157,565.6776784,521.8388268,502.9963157,489.4717058,540.7571688,482.9516132,445.506512,391.9185704,415.1801328,401.5929832,357.4276147,339.6129768,279.7740211,227.0576274,290.5545429,246.235773,207.9468855,190.4426707,358.6151713,330.7895229,388.0785474,349.214613,314.0693069,280.8910759,371.0380859,434.456288,507.1066833,335.8307237,361.8647018,282.4422572,258.4158856,237.5663566,152.4900254,214.554212,190.8951091,168.5030696,103.0281666,53.88064585,101.712309,192.4224393,153.0981608,96.54539994,106.2195318,56.64619497,39.14821328,0,66.50452417,34.2510078,86.76369182,91.02883868,81.79734679,95.01307317,144.2259561,124.7482354,137.1014881,183.3731447,155.4286976,168.7703726,202.1419306,258.529326,430.2223765,428.1000527,638.2708804,476.2018755,551.3575299,141.5748653
56,659.383658,621.95414,555.7109967,501.3786524,464.9807969,538.2896877,598.3185115,642.4892917,616.208247,599.0247075,554.6333054,540.6443504,530.4390032,582.3868371,530.1876405,491.1413165,437.3491565,448.2645867,426.8201576,377.986043,371.0506102,302.9562348,262.3721392,332.3383467,300.382638,258.9292897,252.4798171,399.8110079,378.3620815,438.8619344,401.4779049,369.2078818,335.8998044,428.8831135,494.9715126,571.2315682,397.5575865,425.6034893,347.5559955,324.9015623,301.3944973,218.9428803,281.015228,255.922543,217.2579047,161.3129741,120.3630138,167.7307292,213.572575,170.5966757,113.2598087,146.8121775,63.66447461,96.17444945,66.50452417,0,53.479674,49.39509747,92.85074098,133.1517544,124.4673982,154.4971112,187.0504891,173.3192089,228.6943227,209.4532293,229.3930784,259.6057099,306.6156145,471.3562247,465.8299368,661.2052262,505.5243127,580.146342,204.7363214
57,673.7515525,632.0018701,568.2443023,511.0331793,475.0868657,545.0595496,605.0368742,648.3542428,620.0487182,599.4686277,555.5528152,537.1001405,523.7054231,575.0046632,517.0477237,479.7018664,426.133847,448.8517911,434.1322851,388.988813,372.9990693,311.6372488,260.6894326,324.7658449,279.6757585,241.9411625,221.1181679,392.8317471,364.9283225,421.8695287,382.8238364,347.1449442,314.0642502,403.1837968,465.2761721,534.9410267,366.1048653,390.3934595,309.4451331,280.9916347,266.450705,176.3144797,237.721654,206.6309555,202.7145024,136.2329834,78.59580173,128.5116061,223.3538192,182.6648668,124.4410409,139.8597808,77.49582929,73.38404527,34.2510078,53.479674,0,55.38736609,59.17659488,79.70752578,75.47411508,116.9416783,135.8562576,122.9421496,176.2283966,155.9812367,177.0127926,206.3340966,253.8317505,464.4521183,462.1813874,670.6535963,509.4645962,584.6046421,171.8363143
58,707.835109,669.4466835,603.7379878,548.6697608,512.3484005,584.8040652,644.8721858,688.8148913,661.8488463,643.4014124,599.1494435,583.2808355,571.5586367,623.2428537,567.8403574,529.7218783,475.9685066,492.5055942,473.3560645,425.4551556,415.6582672,349.6229266,305.1280303,372.6352408,332.7286359,293.5797475,276.2942644,440.587999,415.5870129,474.0089356,435.4664937,400.7547744,367.542411,457.7351577,520.4726915,590.1666705,421.4096299,445.7444039,364.5743015,334.5539459,321.8362532,230.8067891,291.7028472,256.7135349,253.1557864,189.7564568,133.8897673,183.8261891,260.1761735,217.5334601,159.1498492,186.0160952,108.5750416,124.8285942,86.76369182,49.39509747,55.38736609,0,54.75071847,122.2679258,97.64758674,112.8396613,184.3465962,145.4647647,204.576705,194.5323861,221.9810843,246.69428,282.4457633,512.3067681,508.313634,708.569544,551.0855867,625.9643737,227.074414
59,732.846731,690.6900931,627.2382717,569.7490331,533.8885554,603.2808681,663.1886211,706.2904684,677.540926,656.0354573,612.3390443,592.424473,577.7746748,628.6331268,567.9525774,531.6941326,478.5117594,505.7718513,492.586825,447.9571079,430.4965449,370.475568,317.7896096,379.4409995,327.9347764,293.100445,262.1571369,447.328518,416.5627478,471.0103454,431.2078024,393.53027,361.0341189,446.083115,503.9047572,565.4972648,404.0167645,423.7479257,340.423261,303.51353,302.3965312,205.2660358,262.7064381,219.4835187,255.8707917,185.8313064,118.9210845,165.8529947,282.4410164,241.8399792,183.5395047,197.0817687,135.5878277,128.595085,91.02883868,92.85074098,59.17659488,54.75071847,0,83.10144955,46.78618577,61.70450704,147.1370064,91.8939988,151.6464551,146.9064408,179.0195448,199.1348433,228.9493031,518.656674,517.6842291,729.234009,567.1329136,642.2896088,213.3292773
60,698.727962,651.2660718,591.9170931,531.5705387,496.9787395,560.8651974,619.8494501,661.3638962,630.465875,605.1818252,562.6592572,537.9111472,519.9721285,569.3848522,503.6263117,469.7028267,417.8618205,457.698605,453.0414347,414.3271192,386.1409275,336.7470035,274.4153802,325.9383892,262.5735044,233.8878161,189.6303442,392.095066,355.2693281,404.6502782,364.1738315,324.2558784,293.0762478,372.2786012,426.1896534,483.6854887,326.4452838,343.4210278,259.5444922,220.6011035,224.6273051,125.4014055,180.4169096,136.7282058,202.7428031,130.7285902,62.99076097,95.319212,255.4565359,221.4644185,170.8896002,161.7280793,138.0219851,98.47399338,81.79734679,133.1517544,79.70752578,122.2679258,83.10144955,0,44.87099156,99.09447526,64.12338414,62.23303486,101.6401452,76.33496945,99.73677378,126.8015515,177.0201675,461.7525918,464.4323501,688.6017038,521.830069,596.4288005,143.4935845
61,732.027518,686.564366,625.5259527,566.181536,531.0123847,597.145951,656.5647751,698.7086366,668.5329671,644.5064218,601.5329907,578.3343449,561.3747375,611.2573711,546.7647015,512.216993,459.9377976,495.8245358,487.9887291,446.7867195,422.7107409,368.8882974,310.0593795,365.5612458,305.5808447,274.9822888,234.0194156,432.4857604,397.4086412,448.1615426,407.7855694,368.2829304,336.7803749,417.0178168,471.0093084,527.2321625,371.2917208,387.804394,303.8017225,262.9879462,269.4867866,170.1532791,223.9203282,176.3430435,241.5153926,169.2864484,99.43533978,138.7127118,284.0698225,246.6506154,191.360524,192.592339,149.7017949,124.4393026,95.01307317,124.4673982,75.47411508,97.64758674,46.78618577,44.87099156,0,56.23169063,105.514567,49.04283365,107.0389965,100.1876059,133.5061994,152.3688359,185.0974349,502.8036276,504.3348714,724.4054024,559.0987157,634.0214648,187.1283159
62,785.7330422,741.2647508,679.4740299,620.659085,585.259696,652.3020221,711.8563716,754.2090759,724.270717,700.5572506,657.4961875,634.5428979,617.5943143,667.4306993,602.5351457,568.2407743,516.0656678,551.6346368,542.6901868,500.3973727,478.096575,422.5250759,365.2861942,421.7136911,361.3841474,331.2019174,288.6047145,488.7010228,453.5159971,503.6926779,463.2383828,423.3398316,392.1536667,470.57683,522.2727825,573.4724682,422.9939574,436.9737532,352.8433252,307.9156611,321.6000593,221.8629511,271.5620649,218.3669102,297.6126317,225.4348885,155.5692361,194.2263185,336.2931152,297.3206972,240.1884465,246.5757934,194.4363313,177.6554591,144.2259561,154.4971112,116.9416783,112.8396613,61.70450704,99.09447526,56.23169063,0,152.7292999,63.68474636,117.433195,131.137623,170.5195575,178.7496071,187.9975553,559.0347793,560.4969642,779.3055659,614.6265167,689.6243164,242.5274052
63,682.5199051,630.9403171,575.791838,513.7741461,480.8524819,538.9110838,596.3974945,636.1070053,603.5688613,575.0867139,534.0928733,505.101631,484.2034199,531.7093784,461.5371383,430.3727223,380.6624806,432.1400406,435.3999408,402.8196825,365.6595201,327.5997285,259.2036348,298.3280307,224.2129767,204.2997833,145.3668984,360.9080536,318.6460833,361.6295962,321.0774908,279.3714152,250.5352929,321.2376732,369.9828428,422.0487363,271.1784524,284.2556063,200.1190384,157.4734855,170.7441581,72.24661627,119.0797707,72.73287202,182.5446879,118.7856899,78.08717291,70.12393305,256.42031,230.5994934,191.5658566,165.0063522,173.6438632,121.4014008,124.7482354,187.0504891,135.8562576,184.3465962,147.1370064,64.12338414,105.514567,152.7292999,0,96.12528593,95.68179576,51.37109635,44.79970684,81.64241458,152.1496679,427.6284439,433.8303912,666.8841681,497.8010613,570.9684586,108.0522531
64,760.3848134,712.2317234,653.5264657,592.8864026,558.5123467,621.4141804,680.1057156,721.1885575,689.7909848,663.4214266,621.3808084,595.0178179,575.7372158,624.2599965,555.872771,523.5509946,472.7467777,517.1920481,514.2946916,476.2944924,446.7454794,398.811447,335.6669887,384.4644583,316.3239874,291.2362698,239.4681902,449.5713634,410.2792663,456.1529511,415.5474945,374.3302914,344.5995613,417.3550091,465.2352099,512.135925,366.914925,378.0239389,294.1823244,246.6329339,266.8489753,168.0970193,212.3608544,156.419088,262.5907406,191.3270205,125.0972812,151.1358174,317.6334764,283.0866788,230.8959757,223.958461,193.4983459,159.6852433,137.1014881,173.3192089,122.9421496,145.4647647,91.8939988,62.23303486,49.04283365,63.68474636,96.12528593,0,59.92795063,67.54387319,107.489773,115.5933574,137.0992162,518.1769672,522.2887033,749.3092009,581.8357537,656.1376176,197.2565646
65,778.16115,726.5760888,671.4053533,609.4402649,576.4292595,634.4803708,691.792489,731.2146217,698.3986207,669.1556976,628.6417164,598.4350367,576.3928381,622.7688345,550.1796251,520.9769603,472.6770324,527.4193988,531.0392242,497.7562591,461.341224,421.8794448,354.3762056,393.5824831,317.0918191,299.6350007,237.0937275,455.2217004,411.3284935,450.3698823,410.1838585,367.7344181,340.9311701,402.9227716,442.7515686,478.4112274,347.857341,352.2880007,270.8717094,216.9799528,253.1671385,162.3945577,190.6539392,128.8100282,278.0043897,211.8281746,156.1108939,164.6869738,347.0415791,317.0783275,270.3347976,253.490363,239.6581596,197.1623309,183.3731447,228.6943227,176.2283966,204.576705,151.6464551,101.6401452,107.0389965,117.433195,95.68179576,59.92795063,0,44.87160908,79.51239546,68.055185,78.18157481,520.7279011,528.0671937,762.4192671,593.2024311,666.1004303,203.4135248
66,733.7744706,681.88402,627.0776525,564.9912566,532.1664144,589.7300348,646.9666545,686.3472875,653.5287541,624.3561056,583.7868355,553.751504,531.9460289,578.6104854,506.6632409,476.904538,428.2425781,482.5737858,486.6647845,454.1579621,416.7941831,378.7755777,310.5663167,348.7389721,272.42085,254.8175969,192.5471639,410.3805632,366.7327415,406.7611516,366.4407616,324.1455167,296.7932142,361.3940925,404.3713263,446.3645167,307.8128524,315.2661279,232.3580281,181.6097433,210.9041721,117.8791933,150.8602775,91.28017809,233.9101215,169.3290277,119.3632448,121.2275107,306.1068803,278.2423309,234.9658971,213.4444628,209.7183301,162.2948849,155.4286976,209.4532293,155.9812367,194.5323861,146.9064408,76.33496945,100.1876059,131.137623,51.37109635,67.54387319,44.87160908,0,40.96337454,52.32535653,105.4030864,476.0778298,483.2387844,717.6446214,548.3809389,621.2352183,158.6320686
67,709.8661705,656.0727853,603.6358417,541.0168171,509.2516106,563.5189263,619.7416677,658.0813796,624.5960534,594.0196425,554.3675977,522.4802839,499.4261581,544.9993673,471.4728791,443.1028835,395.7863142,455.2596743,463.3022547,434.2490814,392.6394857,360.9332633,290.7184041,321.8918152,241.6888996,229.0589351,161.5404207,380.9669425,335.1967898,371.832104,331.8648674,289.2605319,263.4626181,323.4104606,364.320883,405.4313063,268.5974048,274.7226984,192.2577958,140.6840812,173.8400846,87.99152007,111.3450488,50.49695139,213.6918846,156.7081089,122.8415116,107.6222708,294.7251183,271.6884495,235.3452219,205.753359,218.4343693,166.0344846,168.7703726,229.3930784,177.0127926,221.9810843,179.0195448,99.73677378,133.5061994,170.5195575,44.79970684,107.489773,79.51239546,40.96337454,0,38.74150249,115.4063667,444.6776408,453.4603377,691.0068768,521.3705495,593.1384286,134.9692983
68,744.7668216,689.9904451,638.8621179,576.059204,544.8342066,597.3135276,652.8251843,690.4026782,656.4684684,624.8082499,585.9742312,552.5726973,528.3495233,572.6154673,497.2711109,470.7686586,425.0925254,488.5636611,498.7521563,471.0966702,427.8586157,398.4891989,327.8694566,355.8879418,273.4392173,264.1373322,193.9998136,413.0080444,365.6534802,398.3650792,359.0644469,316.3396508,292.5879969,345.1239793,379.784275,411.0738295,287.6957352,288.305188,209.2635771,152.7461434,199.0572213,122.9823351,132.8831312,71.2592856,251.009863,195.4082296,159.3275723,146.3554413,333.3676055,310.3829,273.164845,244.4580973,253.9300991,202.8118843,202.1419306,259.6057099,206.3340966,246.69428,199.1348433,126.8015515,152.3688359,178.7496071,81.64241458,115.5933574,68.055185,52.32535653,38.74150249,0,78.97046808,474.845815,484.9985229,724.3869913,554.7385267,625.6658191,171.7984611
69,823.7288098,768.7951109,717.831427,655.0291823,623.7738129,676.1002656,731.3741837,768.6173995,734.4750712,702.2216653,663.8801751,629.6128189,604.6194386,647.8053933,571.0885894,546.2085118,501.8128916,567.2377979,577.7045963,549.5703889,506.8244558,476.3156925,406.1055191,434.7738646,351.7563248,343.0998921,272.699798,491.2547289,443.1870846,473.1353468,434.5044631,391.8884212,369.5735365,415.9501608,443.512618,461.172715,356.6149767,351.2659845,277.7311656,218.8244673,274.3116177,201.8879592,207.2491924,148.1862942,329.0936962,270.3179011,224.7502097,221.1477546,408.33609,382.5119147,340.3591803,317.1018809,313.9683299,267.6734692,258.529326,306.6156145,253.8317505,282.4457633,228.9493031,177.0201675,185.0974349,187.9975553,152.1496679,137.0992162,78.18157481,105.4030864,115.4063667,78.97046808,0,552.030411,562.9438642,803.0265007,633.4117713,703.9978136,250.2094215
70,298.3756516,234.0889695,208.8918829,155.4043701,149.1164227,148.2999998,190.1720927,220.8221624,185.1473462,150.3172557,114.834679,77.80349631,59.27423686,111.0348835,80.98280239,44.58270988,51.5901465,67.09080584,124.963922,165.144828,118.3372141,195.2476312,209.7887031,139.7591902,203.658119,227.9207789,283.6734119,71.7216723,109.491119,94.58343052,123.0632304,163.1535424,182.4593309,171.0319891,215.8683725,319.8228182,225.7602087,260.4726079,290.9210977,346.4715659,278.8127416,358.3511366,345.6995678,404.0111048,262.8212071,334.0961362,403.7487897,367.3413064,269.4407026,309.8014567,360.2175167,326.2915025,407.7918817,391.2029805,430.2223765,471.3562247,464.4521183,512.3067681,518.656674,461.7525918,502.8036276,559.0347793,427.6284439,518.1769672,520.7279011,476.0778298,444.6776408,474.845815,552.030411,0,28.74451317,261.4933985,106.4175648,159.429281,321.0884418
71,276.5923618,213.8458287,183.3499015,127.8237529,120.3802839,124.8075711,171.6904578,206.0294429,171.5351874,141.2915261,100.9776158,74.97995745,69.34601926,120.4512146,106.749137,72.99688251,71.60638698,39.29302379,97.54341721,141.1000069,101.9026731,179.6293562,203.4771552,138.787509,211.8007987,231.0524765,291.9219889,72.92584675,120.3391826,118.4662479,141.9451398,179.3469754,194.7008603,194.6170055,243.1553063,347.9499571,246.7548633,283.3604252,308.119281,362.0292321,291.9153219,366.1725123,358.1326663,414.7626964,262.9565345,335.0620761,404.9277284,371.1531846,259.0761274,300.6848073,353.4553016,322.7940646,402.1678723,389.3989404,428.1000527,465.8299368,462.1813874,508.313634,517.6842291,464.4323501,504.3348714,560.4969642,433.8303912,522.2887033,528.0671937,483.2387844,453.4603377,484.9985229,562.9438642,28.74451317,0,243.7353847,81.42227773,142.2835571,326.2347645
72,62.75588002,39.67105456,110.09981,159.9043469,196.2372886,128.0338302,72.11446169,48.83018993,82.88904835,125.8109889,147.5492208,193.2858609,226.6849146,213.7485683,287.0644078,286.1070957,312.7519062,235.8302519,236.7308519,283.2192679,302.5637725,359.3044171,414.460472,369.2136296,451.4881661,462.8682656,530.3875911,312.6427102,363.4951107,354.8126592,384.3006467,422.973604,437.7506336,430.3347678,461.4124341,551.7102476,486.9857379,519.8871276,551.6184535,605.7487567,534.9490265,603.0282741,600.5145117,655.282037,486.9071977,558.0526106,626.3048006,600.1229848,448.5438457,491.0364771,549.5751637,533.0135208,600.1195092,602.1080178,638.2708804,661.2052262,670.6535963,708.569544,729.234009,688.6017038,724.4054024,779.3055659,666.8841681,749.3092009,762.4192671,717.6446214,691.0068768,724.3869913,803.0265007,261.4933985,243.7353847,0,169.6644653,102.0668978,559.0142103
73,196.396697,136.0845766,102.4745021,54.55723778,68.02619465,44.12351289,98.59648825,139.613721,110.7649346,98.67673907,56.30236244,79.57121946,104.9945861,135.0120355,165.8761013,144.6526964,152.9882524,66.17570284,82.62960596,137.4386479,136.6892278,203.7209407,249.5829641,199.7058786,282.0644164,293.5674346,360.7431386,144.1576557,196.3685583,199.7375028,222.5567044,258.1433467,269.9555637,276.0080892,321.892028,424.1579879,327.7839117,364.7693825,386.774805,438.994905,366.7935906,433.4027319,431.7042198,485.7767646,319.272132,391.1035998,460.1778788,431.7711048,292.2588458,335.3282898,392.3690206,370.0517008,442.7303457,438.8306906,476.2018755,505.5243127,509.4645962,551.0855867,567.1329136,521.830069,559.0987157,614.6265167,497.8010613,581.8357537,593.2024311,548.3809389,521.3705495,554.7385267,633.4117713,106.4175648,81.42227773,169.6644653,0,75.15683949,389.8060519
74,144.2752361,77.74597711,89.73327192,92.95837721,125.5256166,47.48326581,31.68921632,65.1462519,36.45551568,47.43541838,46.489603,94.37323004,128.3799903,128.4568033,191.3746614,185.6258226,210.7012964,139.0143334,154.466227,207.5819654,211.8292668,277.6661722,324.7046148,272.6567176,352.2564296,366.6943432,431.8562145,212.7576469,262.5059603,252.9733205,282.2595502,321.1850456,336.8713174,328.7752678,363.1076068,457.66961,385.0052312,418.3912674,449.7136797,504.2077383,434.111765,505.3411413,500.1181545,555.938757,393.7303641,465.7383102,534.9854052,505.697357,366.6729417,409.7358971,467.0945941,445.2082386,517.5283998,513.9753403,551.3575299,580.146342,584.6046421,625.9643737,642.2896088,596.4288005,634.0214648,689.6243164,570.9684586,656.1376176,666.1004303,621.2352183,593.1384286,625.6658191,703.9978136,159.429281,142.2835571,102.0668978,75.15683949,0,462.9169978
75,575.7845808,523.2956238,469.2939779,406.9120353,374.658064,431.1001328,488.4007023,528.0564534,495.5809664,467.5262667,426.2437054,398.1987852,378.4871058,427.0951315,360.1789239,326.7313145,275.538767,324.0965555,328.8585229,299.3673619,258.5465712,226.9643655,156.0829077,190.2769857,119.3765663,96.25736163,49.34952533,253.3232045,213.0345488,261.1663532,220.717642,181.2582306,149.6637878,232.868656,293.4414283,366.5125329,194.3764907,220.8693912,144.3435692,135.28819,96.69695169,50.61017759,94.23680738,113.1958125,79.42505056,49.33614321,95.07826677,48.42808374,169.2572988,157.3850898,144.650397,97.46459222,158.1370105,108.8648022,141.5748653,204.7363214,171.8363143,227.074414,213.3292773,143.4935845,187.1283159,242.5274052,108.0522531,197.2565646,203.4135248,158.6320686,134.9692983,171.7984611,250.2094215,321.0884418,326.2347645,559.0142103,389.8060519,462.9169978,0
